-- 创建数据库SQL,需要一并创建数据库就解开下面3行脚本
-- drop database if exists `db_autumn`;
-- CREATE DATABASE `db_autumn`;
-- use `db_autumn`;
--

/*
 Navicat Premium Data Transfer

 Source Server         : local_3306
 Source Server Type    : MySQL
 Source Server Version : 80019
 Source Host           : localhost:3306
 Source Schema         : db_autumn

 Target Server Type    : MySQL
 Target Server Version : 80019
 File Encoding         : 65001

 Date: 26/10/2022 00:30:18
*/

SET NAMES utf8mb4;
SET FOREIGN_KEY_CHECKS = 0;

-- ----------------------------
-- Table structure for sys_log
-- ----------------------------
DROP TABLE IF EXISTS `sys_log`;
CREATE TABLE `sys_log`  (
                            `title` varchar(100) CHARACTER SET utf8 COLLATE utf8_general_ci NOT NULL COMMENT ' 主题',
                            `username` varchar(100) CHARACTER SET utf8 COLLATE utf8_general_ci NULL DEFAULT NULL COMMENT '操作用户名',
                            `method_name` varchar(100) CHARACTER SET utf8 COLLATE utf8_general_ci NULL DEFAULT NULL COMMENT '方法名',
                            `visit_date` datetime NOT NULL COMMENT '访问时间',
                            `execution_time` int NULL DEFAULT NULL COMMENT '操作时长',
                            `ip` varchar(100) CHARACTER SET utf8 COLLATE utf8_general_ci NULL DEFAULT NULL COMMENT '访问ip',
                            `url` varchar(100) CHARACTER SET utf8 COLLATE utf8_general_ci NULL DEFAULT NULL COMMENT '访问url',
                            `address` varchar(500) CHARACTER SET utf8 COLLATE utf8_general_ci NULL DEFAULT NULL COMMENT '真实地址',
                            `params` varchar(1500) CHARACTER SET utf8 COLLATE utf8_general_ci NULL DEFAULT NULL COMMENT '访问参数',
                            `os` varchar(255) CHARACTER SET utf8 COLLATE utf8_general_ci NULL DEFAULT NULL COMMENT '操作系统',
                            `result` varchar(1500) CHARACTER SET utf8 COLLATE utf8_general_ci NULL DEFAULT NULL COMMENT '执行结果',
                            `type` smallint NULL DEFAULT NULL COMMENT '日志类型(1:登录2:退出3:其他)',
                            `exception_msg` varchar(1500) CHARACTER SET utf8 COLLATE utf8_general_ci NULL DEFAULT NULL COMMENT '异常信息',
                            `browser` varchar(255) CHARACTER SET utf8 COLLATE utf8_general_ci NULL DEFAULT NULL COMMENT '浏览器'
) ENGINE = InnoDB CHARACTER SET = utf8 COLLATE = utf8_general_ci ROW_FORMAT = Dynamic;

-- ----------------------------
-- Records of sys_log
-- ----------------------------
INSERT INTO `sys_log` VALUES ('清空表数据', 'mornd', 'com.mornd.system.controller.SysLogController.clearAll', '2022-10-25 21:46:54', 106, '127.0.0.1', '/dataView/sysLog', '内网IP', NULL, 'Windows 10', '{\"code\":200,\"message\":\"删除成功\",\"success\":true,\"timestamp\":1666705614219}', 3, NULL, 'Chrome 105');
INSERT INTO `sys_log` VALUES ('查看操作日志', 'mornd', 'com.mornd.system.controller.SysLogController.pageList', '2022-10-25 21:46:54', 15, '127.0.0.1', '/dataView/sysLog', '内网IP', '[{\"pageNo\":1,\"pageSize\":10,\"visitDateScope\":[]}]', 'Windows 10', '{\"code\":200,\"data\":{\"current\":1,\"hitCount\":false,\"optimizeCountSql\":true,\"orders\":[],\"pages\":1,\"records\":[{\"address\":\"内网IP\",\"browser\":\"Chrome 105\",\"executionTime\":106,\"ip\":\"127.0.0.1\",\"methodName\":\"com.mornd.system.controller.SysLogController.clearAll\",\"os\":\"Windows 10\",\"result\":\"{\\\"code\\\":200,\\\"message\\\":\\\"删除成功\\\",\\\"success\\\":true,\\\"timestamp\\\":1666705614219}\",\"title\":\"清空表数据\",\"type\":3,\"url\":\"/dataView/sysLog\",\"username\":\"mornd\",\"visitDate\":1666705614000}],\"searchCount\":true,\"size\":10,\"total\":1},\"success\":true,\"timestamp\":1666705614395}', 3, NULL, 'Chrome 105');
INSERT INTO `sys_log` VALUES ('用户注销', 'mornd(gitee)', 'com.mornd.system.controller.AuthController.userLogout', '2022-10-25 21:54:40', 396, '127.0.0.1', '/dataView/userLogout', '内网IP', '[\"SecurityContextHolderAwareRequestWrapper[ org.springframework.security.web.header.HeaderWriterFilter$HeaderWriterRequest@5849acb]\"]', 'Windows 10', '{\"code\":200,\"message\":\"退出成功\",\"success\":true,\"timestamp\":1666706070446}', 2, NULL, 'Chrome 105');
INSERT INTO `sys_log` VALUES ('获取当前登录用户信息', 'mornd(gitee)', 'com.mornd.system.controller.UserController.getUserInfo', '2022-10-25 21:55:25', 151, '127.0.0.1', '/dataView/sysUser/getLoginUser', '内网IP', NULL, 'Windows 10', '{\"code\":200,\"data\":{\"avatar\":\"https://portrait.gitee.com/uploads/avatars/user/2617/7853024_mornd_1608529482.png\",\"id\":\"7853024\",\"loginName\":\"mornd\",\"permissions\":[{\"code\":\"system:user:update\",\"createBy\":\"1425004256210038785\",\"enabled\":1,\"gmtCreate\":1665878400000,\"hidden\":1,\"id\":\"1581602962446958593\",\"menuType\":2,\"parentId\":\"1425384255047946241\",\"requireAuth\":1,\"sort\":3.0,\"title\":\"修改用户\"},{\"code\":\"systemMonitor\",\"createBy\":\"1425004256210038785\",\"enabled\":1,\"gmtCreate\":1637366400000,\"gmtModified\":1665878400000,\"hidden\":1,\"icon\":\"fa fa-tv\",\"id\":\"1461990613021151233\",\"keepAlive\":1,\"menuType\":0,\"modifiedBy\":\"1425004256210038785\",\"parentId\":\"0\",\"path\":\"\",\"requireAuth\":1,\"sort\":100.0,\"title\":\"系统监控\"},{\"code\":\"system:user:delete\",\"createBy\":\"1425004256210038785\",\"enabled\":1,\"gmtCreate\":1665878400000,\"hidden\":1,\"id\":\"1581603052624494594\",\"menuType\":2,\"parentId\":\"1425384255047946241\",\"requireAuth\":1,\"sort\":4.0,\"title\":\"删除用户\"},{\"code\":\"system:menu:delete\",\"createBy\":\"1425004256210038785\",\"enabled\":——内容过长，以下内容已经忽略...', 3, NULL, 'Chrome 105');
INSERT INTO `sys_log` VALUES ('获取左侧菜单树', 'mornd(gitee)', 'com.mornd.system.controller.PermissionController.getLeftTree', '2022-10-25 21:55:25', 87, '127.0.0.1', '/dataView/permission/leftTree', '内网IP', NULL, 'Windows 10', '{\"code\":200,\"data\":[{\"children\":[{\"code\":\"system:user\",\"component\":\"system/user/UserList\",\"enabled\":1,\"icon\":\"fa fa-user\",\"id\":\"1425384255047946241\",\"keepAlive\":1,\"menuType\":1,\"parentId\":\"1425381271220101122\",\"path\":\"/system/user\",\"sort\":1.0,\"title\":\"用户管理\"},{\"code\":\"system:role\",\"component\":\"system/role/RoleList\",\"enabled\":1,\"icon\":\"fa fa-user-secret\",\"id\":\"1425384412992856065\",\"keepAlive\":1,\"menuType\":1,\"parentId\":\"1425381271220101122\",\"path\":\"/system/role\",\"sort\":2.0,\"title\":\"角色管理\"},{\"code\":\"system:menu\",\"component\":\"system/permission/PermissionList\",\"enabled\":1,\"icon\":\"fa fa-bars\",\"id\":\"1425384413584252930\",\"keepAlive\":1,\"menuType\":1,\"parentId\":\"1425381271220101122\",\"path\":\"/system/permission\",\"sort\":3.0,\"title\":\"菜单管理\"}],\"code\":\"system\",\"enabled\":1,\"icon\":\"fa fa-gear\",\"id\":\"1425381271220101122\",\"menuType\":0,\"parentId\":\"0\",\"path\":\"\",\"sort\":3.0,\"title\":\"系统管理\"},{\"children\":[{\"code\":\"systemMonitor:sysLog\",\"component\":\"monitor/log/LogList\",\"enabled\":1,\"icon\":\"fa fa-camera\",\"id\":\"14869844——内容过长，以下内容已经忽略...', 3, NULL, 'Chrome 105');
INSERT INTO `sys_log` VALUES ('获取用户列表', 'mornd(gitee)', 'com.mornd.system.controller.UserController.pageList', '2022-10-25 21:55:29', 420, '127.0.0.1', '/dataView/sysUser', '内网IP', '[{\"pageNo\":1,\"pageSize\":10}]', 'Windows 10', '{\"code\":200,\"data\":{\"current\":1,\"hitCount\":false,\"optimizeCountSql\":true,\"orders\":[],\"pages\":2,\"records\":[{\"avatar\":\"/profile\\\\avatar\\\\258d4a8b-8c0b-4df6-89b3-057aa73d23f8.jpg\",\"birthday\":-6311289600000,\"email\":\"tom@163.com\",\"gender\":1,\"gmtCreate\":1628524800000,\"id\":\"1425004256210038785\",\"loginName\":\"tom\",\"phone\":\"18270917877\",\"realName\":\"小杨2\",\"status\":1},{\"avatar\":\"\",\"birthday\":897840000000,\"email\":\"\",\"gender\":0,\"gmtCreate\":1631548800000,\"id\":\"1\",\"loginName\":\"jack\",\"phone\":\"\",\"realName\":\" 小晨\",\"status\":1},{\"avatar\":\"http://r67xhbta9.hn-bkt.clouddn.com/20220127081625_1483764958705852417.jpg\",\"birthday\":1088092800000,\"email\":\"222@qq.com\",\"gender\":1,\"gmtCreate\":1642521600000,\"id\":\"1483764958705852417\",\"loginName\":\"www\",\"phone\":\"15825652541\",\"realName\":\"2222\",\"status\":1},{\"birthday\":1641225600000,\"gender\":0,\"gmtCreate\":1642608000000,\"id\":\"1484059335881662465\",\"loginName\":\"尊敬的弗拉基米尔伯爵二世\",\"realName\":\"尊敬的弗拉基米尔伯爵\",\"status\":1},{\"gender\":1,\"gmtCreate\":1643022342000,\"id\":\"1485569489789837313\",\"log——内容过长，以下内容已经忽略...', 3, NULL, 'Chrome 105');
INSERT INTO `sys_log` VALUES ('获取角色列表', 'mornd(gitee)', 'com.mornd.system.controller.RoleController.pageList', '2022-10-25 21:55:31', 92, '127.0.0.1', '/dataView/role', '内网IP', '[{\"pageNo\":1,\"pageSize\":10}]', 'Windows 10', '{\"code\":200,\"data\":{\"current\":1,\"hitCount\":false,\"optimizeCountSql\":true,\"orders\":[],\"pages\":2,\"records\":[{\"code\":\"super_admin\",\"delFlag\":1,\"enabled\":1,\"gmtCreate\":1641312000000,\"gmtModified\":1641862726000,\"id\":\"1425011630752735234\",\"modifiedBy\":\"1425004256210038785\",\"name\":\"超级管理员\",\"remark\":\"superAdmin！！！\",\"sort\":1},{\"code\":\"admin\",\"createBy\":\"1425004256210038785\",\"delFlag\":1,\"enabled\":1,\"gmtCreate\":1641484800000,\"gmtModified\":1651515865000,\"id\":\"1479338174086205442\",\"modifiedBy\":\"1425004256210038785\",\"name\":\"管理员\",\"sort\":2},{\"code\":\"guest\",\"createBy\":\"1425004256210038785\",\"delFlag\":1,\"enabled\":1,\"gmtCreate\":1641225600000,\"gmtModified\":1642668973000,\"id\":\"1484006672313884673\",\"modifiedBy\":\"1425004256210038785\",\"name\":\"游客\",\"sort\":4},{\"code\":\"user\",\"delFlag\":1,\"enabled\":1,\"gmtCreate\":1641312000000,\"id\":\"1\",\"name\":\"用户\",\"sort\":4},{\"code\":\"test\",\"createBy\":\"1425004256210038785\",\"delFlag\":1,\"enabled\":1,\"gmtCreate\":1642608000000,\"gmtModified\":1642668965000,\"id\":\"1484006551870251010\",\"modifiedB——内容过长，以下内容已经忽略...', 3, NULL, 'Chrome 105');
INSERT INTO `sys_log` VALUES ('查看操作日志', 'mornd(gitee)', 'com.mornd.system.controller.SysLogController.pageList', '2022-10-25 21:55:34', 67, '127.0.0.1', '/dataView/sysLog', '内网IP', '[{\"pageNo\":1,\"pageSize\":10,\"visitDateScope\":[]}]', 'Windows 10', '{\"code\":200,\"data\":{\"current\":1,\"hitCount\":false,\"optimizeCountSql\":true,\"orders\":[],\"pages\":1,\"records\":[{\"address\":\"内网IP\",\"browser\":\"Chrome 105\",\"executionTime\":92,\"ip\":\"127.0.0.1\",\"methodName\":\"com.mornd.system.controller.RoleController.pageList\",\"os\":\"Windows 10\",\"params\":\"[{\\\"pageNo\\\":1,\\\"pageSize\\\":10}]\",\"result\":\"{\\\"code\\\":200,\\\"data\\\":{\\\"current\\\":1,\\\"hitCount\\\":false,\\\"optimizeCountSql\\\":true,\\\"orders\\\":[],\\\"pages\\\":2,\\\"records\\\":[{\\\"code\\\":\\\"super_admin\\\",\\\"delFlag\\\":1,\\\"enabled\\\":1,\\\"gmtCreate\\\":1641312000000,\\\"gmtModified\\\":1641862726000,\\\"id\\\":\\\"1425011630752735234\\\",\\\"modifiedBy\\\":\\\"1425004256210038785\\\",\\\"name\\\":\\\"超级管理员\\\",\\\"remark\\\":\\\"superAdmin！！！\\\",\\\"sort\\\":1},{\\\"code\\\":\\\"admin\\\",\\\"createBy\\\":\\\"1425004256210038785\\\",\\\"delFlag\\\":1,\\\"enabled\\\":1,\\\"gmtCreate\\\":1641484800000,\\\"gmtModified\\\":1651515865000,\\\"id\\\":\\\"1479338174086205442\\\",\\\"modifiedBy\\\":\\\"1425004256210038785\\\",\\\"name\\\":\\\"管理员\\\",\\\"sort\\\":2},{\\\"code\\\":\\\"guest\\\",\\\"createBy\\\":\\\"1425004256210038785\\\",\\\"delFlag\\\":1,\\——内容过长，以下内容已经忽略...', 3, NULL, 'Chrome 105');
INSERT INTO `sys_log` VALUES ('获取用户列表', 'mornd(gitee)', 'com.mornd.system.controller.UserController.pageList', '2022-10-25 21:56:26', 52, '127.0.0.1', '/dataView/sysUser', '内网IP', '[{\"pageNo\":1,\"pageSize\":10}]', 'Windows 10', '{\"code\":200,\"data\":{\"current\":1,\"hitCount\":false,\"optimizeCountSql\":true,\"orders\":[],\"pages\":2,\"records\":[{\"avatar\":\"/profile\\\\avatar\\\\258d4a8b-8c0b-4df6-89b3-057aa73d23f8.jpg\",\"birthday\":-6311289600000,\"email\":\"tom@163.com\",\"gender\":1,\"gmtCreate\":1628524800000,\"id\":\"1425004256210038785\",\"loginName\":\"tom\",\"phone\":\"18270917877\",\"realName\":\"小杨2\",\"status\":1},{\"avatar\":\"\",\"birthday\":897840000000,\"email\":\"\",\"gender\":0,\"gmtCreate\":1631548800000,\"id\":\"1\",\"loginName\":\"jack\",\"phone\":\"\",\"realName\":\" 小晨\",\"status\":1},{\"avatar\":\"http://r67xhbta9.hn-bkt.clouddn.com/20220127081625_1483764958705852417.jpg\",\"birthday\":1088092800000,\"email\":\"222@qq.com\",\"gender\":1,\"gmtCreate\":1642521600000,\"id\":\"1483764958705852417\",\"loginName\":\"www\",\"phone\":\"15825652541\",\"realName\":\"2222\",\"status\":1},{\"birthday\":1641225600000,\"gender\":0,\"gmtCreate\":1642608000000,\"id\":\"1484059335881662465\",\"loginName\":\"尊敬的弗拉基米尔伯爵二世\",\"realName\":\"尊敬的弗拉基米尔伯爵\",\"status\":1},{\"gender\":1,\"gmtCreate\":1643022342000,\"id\":\"1485569489789837313\",\"log——内容过长，以下内容已经忽略...', 3, NULL, 'Chrome 105');
INSERT INTO `sys_log` VALUES ('用户注销', 'mornd(gitee)', 'com.mornd.system.controller.AuthController.userLogout', '2022-10-25 21:56:29', 11, '127.0.0.1', '/dataView/userLogout', '内网IP', '[\"SecurityContextHolderAwareRequestWrapper[ org.springframework.security.web.header.HeaderWriterFilter$HeaderWriterRequest@4482885e]\"]', 'Windows 10', '{\"code\":200,\"message\":\"退出成功\",\"success\":true,\"timestamp\":1666706188780}', 2, NULL, 'Chrome 105');
INSERT INTO `sys_log` VALUES ('获取当前登录用户信息', 'mornd(gitee)', 'com.mornd.system.controller.UserController.getUserInfo', '2022-10-25 21:56:33', 0, '127.0.0.1', '/dataView/sysUser/getLoginUser', '内网IP', NULL, 'Windows 10', '{\"code\":200,\"data\":{\"avatar\":\"https://portrait.gitee.com/uploads/avatars/user/2617/7853024_mornd_1608529482.png\",\"id\":\"7853024\",\"loginName\":\"mornd\",\"permissions\":[{\"code\":\"system:user:update\",\"createBy\":\"1425004256210038785\",\"enabled\":1,\"gmtCreate\":1665878400000,\"hidden\":1,\"id\":\"1581602962446958593\",\"menuType\":2,\"parentId\":\"1425384255047946241\",\"requireAuth\":1,\"sort\":3.0,\"title\":\"修改用户\"},{\"code\":\"systemMonitor\",\"createBy\":\"1425004256210038785\",\"enabled\":1,\"gmtCreate\":1637366400000,\"gmtModified\":1665878400000,\"hidden\":1,\"icon\":\"fa fa-tv\",\"id\":\"1461990613021151233\",\"keepAlive\":1,\"menuType\":0,\"modifiedBy\":\"1425004256210038785\",\"parentId\":\"0\",\"path\":\"\",\"requireAuth\":1,\"sort\":100.0,\"title\":\"系统监控\"},{\"code\":\"system:user:delete\",\"createBy\":\"1425004256210038785\",\"enabled\":1,\"gmtCreate\":1665878400000,\"hidden\":1,\"id\":\"1581603052624494594\",\"menuType\":2,\"parentId\":\"1425384255047946241\",\"requireAuth\":1,\"sort\":4.0,\"title\":\"删除用户\"},{\"code\":\"system:menu:delete\",\"createBy\":\"1425004256210038785\",\"enabled\":——内容过长，以下内容已经忽略...', 3, NULL, 'Chrome 105');
INSERT INTO `sys_log` VALUES ('获取左侧菜单树', 'mornd(gitee)', 'com.mornd.system.controller.PermissionController.getLeftTree', '2022-10-25 21:56:33', 67, '127.0.0.1', '/dataView/permission/leftTree', '内网IP', NULL, 'Windows 10', '{\"code\":200,\"data\":[{\"children\":[{\"code\":\"system:user\",\"component\":\"system/user/UserList\",\"enabled\":1,\"icon\":\"fa fa-user\",\"id\":\"1425384255047946241\",\"keepAlive\":1,\"menuType\":1,\"parentId\":\"1425381271220101122\",\"path\":\"/system/user\",\"sort\":1.0,\"title\":\"用户管理\"},{\"code\":\"system:role\",\"component\":\"system/role/RoleList\",\"enabled\":1,\"icon\":\"fa fa-user-secret\",\"id\":\"1425384412992856065\",\"keepAlive\":1,\"menuType\":1,\"parentId\":\"1425381271220101122\",\"path\":\"/system/role\",\"sort\":2.0,\"title\":\"角色管理\"},{\"code\":\"system:menu\",\"component\":\"system/permission/PermissionList\",\"enabled\":1,\"icon\":\"fa fa-bars\",\"id\":\"1425384413584252930\",\"keepAlive\":1,\"menuType\":1,\"parentId\":\"1425381271220101122\",\"path\":\"/system/permission\",\"sort\":3.0,\"title\":\"菜单管理\"}],\"code\":\"system\",\"enabled\":1,\"icon\":\"fa fa-gear\",\"id\":\"1425381271220101122\",\"menuType\":0,\"parentId\":\"0\",\"path\":\"\",\"sort\":3.0,\"title\":\"系统管理\"},{\"children\":[{\"code\":\"systemMonitor:sysLog\",\"component\":\"monitor/log/LogList\",\"enabled\":1,\"icon\":\"fa fa-camera\",\"id\":\"14869844——内容过长，以下内容已经忽略...', 3, NULL, 'Chrome 105');
INSERT INTO `sys_log` VALUES ('获取用户列表', 'mornd(gitee)', 'com.mornd.system.controller.UserController.pageList', '2022-10-25 21:56:36', 66, '127.0.0.1', '/dataView/sysUser', '内网IP', '[{\"pageNo\":1,\"pageSize\":10}]', 'Windows 10', '{\"code\":200,\"data\":{\"current\":1,\"hitCount\":false,\"optimizeCountSql\":true,\"orders\":[],\"pages\":2,\"records\":[{\"avatar\":\"/profile\\\\avatar\\\\258d4a8b-8c0b-4df6-89b3-057aa73d23f8.jpg\",\"birthday\":-6311289600000,\"email\":\"tom@163.com\",\"gender\":1,\"gmtCreate\":1628524800000,\"id\":\"1425004256210038785\",\"loginName\":\"tom\",\"phone\":\"18270917877\",\"realName\":\"小杨2\",\"status\":1},{\"avatar\":\"\",\"birthday\":897840000000,\"email\":\"\",\"gender\":0,\"gmtCreate\":1631548800000,\"id\":\"1\",\"loginName\":\"jack\",\"phone\":\"\",\"realName\":\" 小晨\",\"status\":1},{\"avatar\":\"http://r67xhbta9.hn-bkt.clouddn.com/20220127081625_1483764958705852417.jpg\",\"birthday\":1088092800000,\"email\":\"222@qq.com\",\"gender\":1,\"gmtCreate\":1642521600000,\"id\":\"1483764958705852417\",\"loginName\":\"www\",\"phone\":\"15825652541\",\"realName\":\"2222\",\"status\":1},{\"birthday\":1641225600000,\"gender\":0,\"gmtCreate\":1642608000000,\"id\":\"1484059335881662465\",\"loginName\":\"尊敬的弗拉基米尔伯爵二世\",\"realName\":\"尊敬的弗拉基米尔伯爵\",\"status\":1},{\"gender\":1,\"gmtCreate\":1643022342000,\"id\":\"1485569489789837313\",\"log——内容过长，以下内容已经忽略...', 3, NULL, 'Chrome 105');
INSERT INTO `sys_log` VALUES ('获取角色列表', 'mornd(gitee)', 'com.mornd.system.controller.RoleController.pageList', '2022-10-25 21:56:37', 35, '127.0.0.1', '/dataView/role', '内网IP', '[{\"pageNo\":1,\"pageSize\":10}]', 'Windows 10', '{\"code\":200,\"data\":{\"current\":1,\"hitCount\":false,\"optimizeCountSql\":true,\"orders\":[],\"pages\":2,\"records\":[{\"code\":\"super_admin\",\"delFlag\":1,\"enabled\":1,\"gmtCreate\":1641312000000,\"gmtModified\":1641862726000,\"id\":\"1425011630752735234\",\"modifiedBy\":\"1425004256210038785\",\"name\":\"超级管理员\",\"remark\":\"superAdmin！！！\",\"sort\":1},{\"code\":\"admin\",\"createBy\":\"1425004256210038785\",\"delFlag\":1,\"enabled\":1,\"gmtCreate\":1641484800000,\"gmtModified\":1651515865000,\"id\":\"1479338174086205442\",\"modifiedBy\":\"1425004256210038785\",\"name\":\"管理员\",\"sort\":2},{\"code\":\"guest\",\"createBy\":\"1425004256210038785\",\"delFlag\":1,\"enabled\":1,\"gmtCreate\":1641225600000,\"gmtModified\":1642668973000,\"id\":\"1484006672313884673\",\"modifiedBy\":\"1425004256210038785\",\"name\":\"游客\",\"sort\":4},{\"code\":\"user\",\"delFlag\":1,\"enabled\":1,\"gmtCreate\":1641312000000,\"id\":\"1\",\"name\":\"用户\",\"sort\":4},{\"code\":\"test\",\"createBy\":\"1425004256210038785\",\"delFlag\":1,\"enabled\":1,\"gmtCreate\":1642608000000,\"gmtModified\":1642668965000,\"id\":\"1484006551870251010\",\"modifiedB——内容过长，以下内容已经忽略...', 3, NULL, 'Chrome 105');
INSERT INTO `sys_log` VALUES ('获取菜单列表', 'mornd(gitee)', 'com.mornd.system.controller.PermissionController.tableTree', '2022-10-25 21:56:38', 33, '127.0.0.1', '/dataView/permission/tableTree', '内网IP', NULL, 'Windows 10', '{\"code\":200,\"data\":[{\"children\":[{\"children\":[{\"code\":\"system:user:add\",\"createBy\":\"1425004256210038785\",\"enabled\":1,\"gmtCreate\":1665918483000,\"hidden\":1,\"id\":\"1581602868477771778\",\"menuType\":2,\"parentId\":\"1425384255047946241\",\"requireAuth\":1,\"sort\":2.0,\"title\":\"新增用户\"},{\"code\":\"system:user:update\",\"createBy\":\"1425004256210038785\",\"enabled\":1,\"gmtCreate\":1665918506000,\"hidden\":1,\"id\":\"1581602962446958593\",\"menuType\":2,\"parentId\":\"1425384255047946241\",\"requireAuth\":1,\"sort\":3.0,\"title\":\"修改用户\"},{\"code\":\"system:user:delete\",\"createBy\":\"1425004256210038785\",\"enabled\":1,\"gmtCreate\":1665918527000,\"hidden\":1,\"id\":\"1581603052624494594\",\"menuType\":2,\"parentId\":\"1425384255047946241\",\"requireAuth\":1,\"sort\":4.0,\"title\":\"删除用户\"},{\"code\":\"system:user:changeStatus\",\"createBy\":\"1425004256210038785\",\"enabled\":1,\"gmtCreate\":1665923039000,\"hidden\":1,\"id\":\"1581621978532102146\",\"menuType\":2,\"parentId\":\"1425384255047946241\",\"requireAuth\":1,\"sort\":5.0,\"title\":\"用户状态修改\"}],\"code\":\"system:user\",\"component\":\"system——内容过长，以下内容已经忽略...', 3, NULL, 'Chrome 105');
INSERT INTO `sys_log` VALUES ('获取角色列表', 'mornd(gitee)', 'com.mornd.system.controller.RoleController.pageList', '2022-10-25 21:56:42', 38, '127.0.0.1', '/dataView/role', '内网IP', '[{\"pageNo\":1,\"pageSize\":10}]', 'Windows 10', '{\"code\":200,\"data\":{\"current\":1,\"hitCount\":false,\"optimizeCountSql\":true,\"orders\":[],\"pages\":2,\"records\":[{\"code\":\"super_admin\",\"delFlag\":1,\"enabled\":1,\"gmtCreate\":1641312000000,\"gmtModified\":1641862726000,\"id\":\"1425011630752735234\",\"modifiedBy\":\"1425004256210038785\",\"name\":\"超级管理员\",\"remark\":\"superAdmin！！！\",\"sort\":1},{\"code\":\"admin\",\"createBy\":\"1425004256210038785\",\"delFlag\":1,\"enabled\":1,\"gmtCreate\":1641484800000,\"gmtModified\":1651515865000,\"id\":\"1479338174086205442\",\"modifiedBy\":\"1425004256210038785\",\"name\":\"管理员\",\"sort\":2},{\"code\":\"guest\",\"createBy\":\"1425004256210038785\",\"delFlag\":1,\"enabled\":1,\"gmtCreate\":1641225600000,\"gmtModified\":1642668973000,\"id\":\"1484006672313884673\",\"modifiedBy\":\"1425004256210038785\",\"name\":\"游客\",\"sort\":4},{\"code\":\"user\",\"delFlag\":1,\"enabled\":1,\"gmtCreate\":1641312000000,\"id\":\"1\",\"name\":\"用户\",\"sort\":4},{\"code\":\"test\",\"createBy\":\"1425004256210038785\",\"delFlag\":1,\"enabled\":1,\"gmtCreate\":1642608000000,\"gmtModified\":1642668965000,\"id\":\"1484006551870251010\",\"modifiedB——内容过长，以下内容已经忽略...', 3, NULL, 'Chrome 105');
INSERT INTO `sys_log` VALUES ('获取用户列表', 'mornd(gitee)', 'com.mornd.system.controller.UserController.pageList', '2022-10-25 21:56:42', 32, '127.0.0.1', '/dataView/sysUser', '内网IP', '[{\"pageNo\":1,\"pageSize\":10}]', 'Windows 10', '{\"code\":200,\"data\":{\"current\":1,\"hitCount\":false,\"optimizeCountSql\":true,\"orders\":[],\"pages\":2,\"records\":[{\"avatar\":\"/profile\\\\avatar\\\\258d4a8b-8c0b-4df6-89b3-057aa73d23f8.jpg\",\"birthday\":-6311289600000,\"email\":\"tom@163.com\",\"gender\":1,\"gmtCreate\":1628524800000,\"id\":\"1425004256210038785\",\"loginName\":\"tom\",\"phone\":\"18270917877\",\"realName\":\"小杨2\",\"status\":1},{\"avatar\":\"\",\"birthday\":897840000000,\"email\":\"\",\"gender\":0,\"gmtCreate\":1631548800000,\"id\":\"1\",\"loginName\":\"jack\",\"phone\":\"\",\"realName\":\" 小晨\",\"status\":1},{\"avatar\":\"http://r67xhbta9.hn-bkt.clouddn.com/20220127081625_1483764958705852417.jpg\",\"birthday\":1088092800000,\"email\":\"222@qq.com\",\"gender\":1,\"gmtCreate\":1642521600000,\"id\":\"1483764958705852417\",\"loginName\":\"www\",\"phone\":\"15825652541\",\"realName\":\"2222\",\"status\":1},{\"birthday\":1641225600000,\"gender\":0,\"gmtCreate\":1642608000000,\"id\":\"1484059335881662465\",\"loginName\":\"尊敬的弗拉基米尔伯爵二世\",\"realName\":\"尊敬的弗拉基米尔伯爵\",\"status\":1},{\"gender\":1,\"gmtCreate\":1643022342000,\"id\":\"1485569489789837313\",\"log——内容过长，以下内容已经忽略...', 3, NULL, 'Chrome 105');
INSERT INTO `sys_log` VALUES ('获取角色列表', 'mornd(gitee)', 'com.mornd.system.controller.RoleController.pageList', '2022-10-25 21:57:09', 126, '127.0.0.1', '/dataView/role', '内网IP', '[{\"pageNo\":1,\"pageSize\":10}]', 'Windows 10', '{\"code\":200,\"data\":{\"current\":1,\"hitCount\":false,\"optimizeCountSql\":true,\"orders\":[],\"pages\":2,\"records\":[{\"code\":\"super_admin\",\"delFlag\":1,\"enabled\":1,\"gmtCreate\":1641312000000,\"gmtModified\":1641862726000,\"id\":\"1425011630752735234\",\"modifiedBy\":\"1425004256210038785\",\"name\":\"超级管理员\",\"remark\":\"superAdmin！！！\",\"sort\":1},{\"code\":\"admin\",\"createBy\":\"1425004256210038785\",\"delFlag\":1,\"enabled\":1,\"gmtCreate\":1641484800000,\"gmtModified\":1651515865000,\"id\":\"1479338174086205442\",\"modifiedBy\":\"1425004256210038785\",\"name\":\"管理员\",\"sort\":2},{\"code\":\"guest\",\"createBy\":\"1425004256210038785\",\"delFlag\":1,\"enabled\":1,\"gmtCreate\":1641225600000,\"gmtModified\":1642668973000,\"id\":\"1484006672313884673\",\"modifiedBy\":\"1425004256210038785\",\"name\":\"游客\",\"sort\":4},{\"code\":\"user\",\"delFlag\":1,\"enabled\":1,\"gmtCreate\":1641312000000,\"id\":\"1\",\"name\":\"用户\",\"sort\":4},{\"code\":\"test\",\"createBy\":\"1425004256210038785\",\"delFlag\":1,\"enabled\":1,\"gmtCreate\":1642608000000,\"gmtModified\":1642668965000,\"id\":\"1484006551870251010\",\"modifiedB——内容过长，以下内容已经忽略...', 3, NULL, 'Chrome 105');
INSERT INTO `sys_log` VALUES ('添加角色', 'mornd(gitee)', 'com.mornd.system.controller.RoleController.insert', '2022-10-25 21:57:43', 39, '127.0.0.1', '/dataView/role', '内网IP', '[{\"code\":\"gitee\",\"createBy\":\"7853024\",\"enabled\":1,\"gmtCreate\":1666706263413,\"id\":\"1584907057962328066\",\"name\":\"gitee\",\"remark\":\"gitee用户访问默认角色\",\"sort\":1}]', 'Windows 10', '{\"code\":200,\"message\":\"添加成功\",\"success\":true,\"timestamp\":1666706263436}', 3, NULL, 'Chrome 105');
INSERT INTO `sys_log` VALUES ('获取角色列表', 'mornd(gitee)', 'com.mornd.system.controller.RoleController.pageList', '2022-10-25 21:57:44', 29, '127.0.0.1', '/dataView/role', '内网IP', '[{\"pageNo\":1,\"pageSize\":10}]', 'Windows 10', '{\"code\":200,\"data\":{\"current\":1,\"hitCount\":false,\"optimizeCountSql\":true,\"orders\":[],\"pages\":2,\"records\":[{\"code\":\"super_admin\",\"delFlag\":1,\"enabled\":1,\"gmtCreate\":1641312000000,\"gmtModified\":1641862726000,\"id\":\"1425011630752735234\",\"modifiedBy\":\"1425004256210038785\",\"name\":\"超级管理员\",\"remark\":\"superAdmin！！！\",\"sort\":1},{\"code\":\"gitee\",\"createBy\":\"7853024\",\"delFlag\":1,\"enabled\":1,\"gmtCreate\":1666706263000,\"id\":\"1584907057962328066\",\"name\":\"gitee\",\"remark\":\"gitee用户访问默认角色\",\"sort\":1},{\"code\":\"admin\",\"createBy\":\"1425004256210038785\",\"delFlag\":1,\"enabled\":1,\"gmtCreate\":1641484800000,\"gmtModified\":1651515865000,\"id\":\"1479338174086205442\",\"modifiedBy\":\"1425004256210038785\",\"name\":\"管理员\",\"sort\":2},{\"code\":\"guest\",\"createBy\":\"1425004256210038785\",\"delFlag\":1,\"enabled\":1,\"gmtCreate\":1641225600000,\"gmtModified\":1642668973000,\"id\":\"1484006672313884673\",\"modifiedBy\":\"1425004256210038785\",\"name\":\"游客\",\"sort\":4},{\"code\":\"user\",\"delFlag\":1,\"enabled\":1,\"gmtCreate\":1641312000000,\"id\":\"1\",\"name\":\"用户\",\"sort\":4}——内容过长，以下内容已经忽略...', 3, NULL, 'Chrome 105');
INSERT INTO `sys_log` VALUES ('给角色授权权限', 'mornd(gitee)', 'com.mornd.system.controller.RoleController.bindPersById', '2022-10-25 21:58:01', 60, '127.0.0.1', '/dataView/role/bindPersById', '内网IP', '[{\"id\":\"1484006672313884673\",\"perIds\":[\"1425384413584252930\",\"1461990613021151233\",\"1425381271220101122\",\"1463297492196085761\",\"1425384255047946241\",\"1425384412992856065\",\"1486984444607004673\",\"1582756101220888578\"]}]', 'Windows 10', '{\"code\":200,\"message\":\"修改成功\",\"success\":true,\"timestamp\":1666706280724}', 3, NULL, 'Chrome 105');
INSERT INTO `sys_log` VALUES ('获取当前登录用户信息', 'mornd(gitee)', 'com.mornd.system.controller.UserController.getUserInfo', '2022-10-25 21:58:02', 7, '127.0.0.1', '/dataView/sysUser/getLoginUser', '内网IP', NULL, 'Windows 10', '{\"code\":200,\"data\":{\"avatar\":\"https://portrait.gitee.com/uploads/avatars/user/2617/7853024_mornd_1608529482.png\",\"id\":\"7853024\",\"loginName\":\"mornd\",\"permissions\":[{\"code\":\"system:user:update\",\"createBy\":\"1425004256210038785\",\"enabled\":1,\"gmtCreate\":1665878400000,\"hidden\":1,\"id\":\"1581602962446958593\",\"menuType\":2,\"parentId\":\"1425384255047946241\",\"requireAuth\":1,\"sort\":3.0,\"title\":\"修改用户\"},{\"code\":\"systemMonitor\",\"createBy\":\"1425004256210038785\",\"enabled\":1,\"gmtCreate\":1637366400000,\"gmtModified\":1665878400000,\"hidden\":1,\"icon\":\"fa fa-tv\",\"id\":\"1461990613021151233\",\"keepAlive\":1,\"menuType\":0,\"modifiedBy\":\"1425004256210038785\",\"parentId\":\"0\",\"path\":\"\",\"requireAuth\":1,\"sort\":100.0,\"title\":\"系统监控\"},{\"code\":\"system:user:delete\",\"createBy\":\"1425004256210038785\",\"enabled\":1,\"gmtCreate\":1665878400000,\"hidden\":1,\"id\":\"1581603052624494594\",\"menuType\":2,\"parentId\":\"1425384255047946241\",\"requireAuth\":1,\"sort\":4.0,\"title\":\"删除用户\"},{\"code\":\"system:menu:delete\",\"createBy\":\"1425004256210038785\",\"enabled\":——内容过长，以下内容已经忽略...', 3, NULL, 'Chrome 105');
INSERT INTO `sys_log` VALUES ('获取左侧菜单树', 'mornd(gitee)', 'com.mornd.system.controller.PermissionController.getLeftTree', '2022-10-25 21:58:02', 19, '127.0.0.1', '/dataView/permission/leftTree', '内网IP', NULL, 'Windows 10', '{\"code\":200,\"data\":[{\"children\":[{\"code\":\"system:user\",\"component\":\"system/user/UserList\",\"enabled\":1,\"icon\":\"fa fa-user\",\"id\":\"1425384255047946241\",\"keepAlive\":1,\"menuType\":1,\"parentId\":\"1425381271220101122\",\"path\":\"/system/user\",\"sort\":1.0,\"title\":\"用户管理\"},{\"code\":\"system:role\",\"component\":\"system/role/RoleList\",\"enabled\":1,\"icon\":\"fa fa-user-secret\",\"id\":\"1425384412992856065\",\"keepAlive\":1,\"menuType\":1,\"parentId\":\"1425381271220101122\",\"path\":\"/system/role\",\"sort\":2.0,\"title\":\"角色管理\"},{\"code\":\"system:menu\",\"component\":\"system/permission/PermissionList\",\"enabled\":1,\"icon\":\"fa fa-bars\",\"id\":\"1425384413584252930\",\"keepAlive\":1,\"menuType\":1,\"parentId\":\"1425381271220101122\",\"path\":\"/system/permission\",\"sort\":3.0,\"title\":\"菜单管理\"}],\"code\":\"system\",\"enabled\":1,\"icon\":\"fa fa-gear\",\"id\":\"1425381271220101122\",\"menuType\":0,\"parentId\":\"0\",\"path\":\"\",\"sort\":3.0,\"title\":\"系统管理\"},{\"children\":[{\"code\":\"systemMonitor:sysLog\",\"component\":\"monitor/log/LogList\",\"enabled\":1,\"icon\":\"fa fa-camera\",\"id\":\"14869844——内容过长，以下内容已经忽略...', 3, NULL, 'Chrome 105');
INSERT INTO `sys_log` VALUES ('获取角色列表', 'mornd(gitee)', 'com.mornd.system.controller.RoleController.pageList', '2022-10-25 21:58:03', 76, '127.0.0.1', '/dataView/role', '内网IP', '[{\"pageNo\":1,\"pageSize\":10}]', 'Windows 10', '{\"code\":200,\"data\":{\"current\":1,\"hitCount\":false,\"optimizeCountSql\":true,\"orders\":[],\"pages\":2,\"records\":[{\"code\":\"super_admin\",\"delFlag\":1,\"enabled\":1,\"gmtCreate\":1641312000000,\"gmtModified\":1641862726000,\"id\":\"1425011630752735234\",\"modifiedBy\":\"1425004256210038785\",\"name\":\"超级管理员\",\"remark\":\"superAdmin！！！\",\"sort\":1},{\"code\":\"gitee\",\"createBy\":\"7853024\",\"delFlag\":1,\"enabled\":1,\"gmtCreate\":1666706263000,\"id\":\"1584907057962328066\",\"name\":\"gitee\",\"remark\":\"gitee用户访问默认角色\",\"sort\":1},{\"code\":\"admin\",\"createBy\":\"1425004256210038785\",\"delFlag\":1,\"enabled\":1,\"gmtCreate\":1641484800000,\"gmtModified\":1651515865000,\"id\":\"1479338174086205442\",\"modifiedBy\":\"1425004256210038785\",\"name\":\"管理员\",\"sort\":2},{\"code\":\"guest\",\"createBy\":\"1425004256210038785\",\"delFlag\":1,\"enabled\":1,\"gmtCreate\":1641225600000,\"gmtModified\":1642668973000,\"id\":\"1484006672313884673\",\"modifiedBy\":\"1425004256210038785\",\"name\":\"游客\",\"sort\":4},{\"code\":\"user\",\"delFlag\":1,\"enabled\":1,\"gmtCreate\":1641312000000,\"id\":\"1\",\"name\":\"用户\",\"sort\":4}——内容过长，以下内容已经忽略...', 3, NULL, 'Chrome 105');
INSERT INTO `sys_log` VALUES ('修改角色', 'mornd(gitee)', 'com.mornd.system.controller.RoleController.update', '2022-10-25 21:58:15', 47, '127.0.0.1', '/dataView/role', '内网IP', '[{\"code\":\"gitee\",\"createBy\":\"7853024\",\"delFlag\":1,\"gmtCreate\":1666627200000,\"gmtModified\":1666706294728,\"id\":\"1584907057962328066\",\"modifiedBy\":\"7853024\",\"name\":\"gitee用户\",\"remark\":\"gitee用户访问默认角色\",\"sort\":1}]', 'Windows 10', '{\"code\":200,\"message\":\"修改成功\",\"success\":true,\"timestamp\":1666706294760}', 3, NULL, 'Chrome 105');
INSERT INTO `sys_log` VALUES ('获取角色列表', 'mornd(gitee)', 'com.mornd.system.controller.RoleController.pageList', '2022-10-25 21:58:15', 37, '127.0.0.1', '/dataView/role', '内网IP', '[{\"pageNo\":1,\"pageSize\":10}]', 'Windows 10', '{\"code\":200,\"data\":{\"current\":1,\"hitCount\":false,\"optimizeCountSql\":true,\"orders\":[],\"pages\":2,\"records\":[{\"code\":\"super_admin\",\"delFlag\":1,\"enabled\":1,\"gmtCreate\":1641312000000,\"gmtModified\":1641862726000,\"id\":\"1425011630752735234\",\"modifiedBy\":\"1425004256210038785\",\"name\":\"超级管理员\",\"remark\":\"superAdmin！！！\",\"sort\":1},{\"code\":\"gitee\",\"createBy\":\"7853024\",\"delFlag\":1,\"enabled\":1,\"gmtCreate\":1666627200000,\"gmtModified\":1666706295000,\"id\":\"1584907057962328066\",\"modifiedBy\":\"7853024\",\"name\":\"gitee用户\",\"remark\":\"gitee用户访问默认角色\",\"sort\":1},{\"code\":\"admin\",\"createBy\":\"1425004256210038785\",\"delFlag\":1,\"enabled\":1,\"gmtCreate\":1641484800000,\"gmtModified\":1651515865000,\"id\":\"1479338174086205442\",\"modifiedBy\":\"1425004256210038785\",\"name\":\"管理员\",\"sort\":2},{\"code\":\"guest\",\"createBy\":\"1425004256210038785\",\"delFlag\":1,\"enabled\":1,\"gmtCreate\":1641225600000,\"gmtModified\":1642668973000,\"id\":\"1484006672313884673\",\"modifiedBy\":\"1425004256210038785\",\"name\":\"游客\",\"sort\":4},{\"code\":\"user\",\"delFlag\":1,\"enabled\":1,\"gm——内容过长，以下内容已经忽略...', 3, NULL, 'Chrome 105');
INSERT INTO `sys_log` VALUES ('获取当前登录用户信息', 'mornd(gitee)', 'com.mornd.system.controller.UserController.getUserInfo', '2022-10-25 21:58:15', 1, '127.0.0.1', '/dataView/sysUser/getLoginUser', '内网IP', NULL, 'Windows 10', '{\"code\":200,\"data\":{\"avatar\":\"https://portrait.gitee.com/uploads/avatars/user/2617/7853024_mornd_1608529482.png\",\"id\":\"7853024\",\"loginName\":\"mornd\",\"permissions\":[{\"code\":\"system:user:update\",\"createBy\":\"1425004256210038785\",\"enabled\":1,\"gmtCreate\":1665878400000,\"hidden\":1,\"id\":\"1581602962446958593\",\"menuType\":2,\"parentId\":\"1425384255047946241\",\"requireAuth\":1,\"sort\":3.0,\"title\":\"修改用户\"},{\"code\":\"systemMonitor\",\"createBy\":\"1425004256210038785\",\"enabled\":1,\"gmtCreate\":1637366400000,\"gmtModified\":1665878400000,\"hidden\":1,\"icon\":\"fa fa-tv\",\"id\":\"1461990613021151233\",\"keepAlive\":1,\"menuType\":0,\"modifiedBy\":\"1425004256210038785\",\"parentId\":\"0\",\"path\":\"\",\"requireAuth\":1,\"sort\":100.0,\"title\":\"系统监控\"},{\"code\":\"system:user:delete\",\"createBy\":\"1425004256210038785\",\"enabled\":1,\"gmtCreate\":1665878400000,\"hidden\":1,\"id\":\"1581603052624494594\",\"menuType\":2,\"parentId\":\"1425384255047946241\",\"requireAuth\":1,\"sort\":4.0,\"title\":\"删除用户\"},{\"code\":\"system:menu:delete\",\"createBy\":\"1425004256210038785\",\"enabled\":——内容过长，以下内容已经忽略...', 3, NULL, 'Chrome 105');
INSERT INTO `sys_log` VALUES ('获取左侧菜单树', 'mornd(gitee)', 'com.mornd.system.controller.PermissionController.getLeftTree', '2022-10-25 21:58:15', 15, '127.0.0.1', '/dataView/permission/leftTree', '内网IP', NULL, 'Windows 10', '{\"code\":200,\"data\":[{\"children\":[{\"code\":\"system:user\",\"component\":\"system/user/UserList\",\"enabled\":1,\"icon\":\"fa fa-user\",\"id\":\"1425384255047946241\",\"keepAlive\":1,\"menuType\":1,\"parentId\":\"1425381271220101122\",\"path\":\"/system/user\",\"sort\":1.0,\"title\":\"用户管理\"},{\"code\":\"system:role\",\"component\":\"system/role/RoleList\",\"enabled\":1,\"icon\":\"fa fa-user-secret\",\"id\":\"1425384412992856065\",\"keepAlive\":1,\"menuType\":1,\"parentId\":\"1425381271220101122\",\"path\":\"/system/role\",\"sort\":2.0,\"title\":\"角色管理\"},{\"code\":\"system:menu\",\"component\":\"system/permission/PermissionList\",\"enabled\":1,\"icon\":\"fa fa-bars\",\"id\":\"1425384413584252930\",\"keepAlive\":1,\"menuType\":1,\"parentId\":\"1425381271220101122\",\"path\":\"/system/permission\",\"sort\":3.0,\"title\":\"菜单管理\"}],\"code\":\"system\",\"enabled\":1,\"icon\":\"fa fa-gear\",\"id\":\"1425381271220101122\",\"menuType\":0,\"parentId\":\"0\",\"path\":\"\",\"sort\":3.0,\"title\":\"系统管理\"},{\"children\":[{\"code\":\"systemMonitor:sysLog\",\"component\":\"monitor/log/LogList\",\"enabled\":1,\"icon\":\"fa fa-camera\",\"id\":\"14869844——内容过长，以下内容已经忽略...', 3, NULL, 'Chrome 105');
INSERT INTO `sys_log` VALUES ('给角色授权权限', 'mornd(gitee)', 'com.mornd.system.controller.RoleController.bindPersById', '2022-10-25 21:58:20', 67, '127.0.0.1', '/dataView/role/bindPersById', '内网IP', '[{\"id\":\"1584907057962328066\",\"perIds\":[\"1461990613021151233\",\"1425381271220101122\",\"1581607834781171714\",\"1425384255047946241\",\"1581602868477771778\",\"1425384412992856065\",\"1581603052624494594\",\"1582756101220888578\",\"1425384413584252930\",\"1581601696417267713\",\"1581601424831889410\",\"1583049737108144129\",\"1581602962446958593\",\"1463297492196085761\",\"1581603638262579201\",\"1462047178541559809\",\"1581621978532102146\",\"1486984444607004673\",\"1581603401271820290\",\"1581603490417557506\"]}]', 'Windows 10', '{\"code\":200,\"message\":\"修改成功\",\"success\":true,\"timestamp\":1666706300300}', 3, NULL, 'Chrome 105');
INSERT INTO `sys_log` VALUES ('获取当前登录用户信息', 'mornd(gitee)', 'com.mornd.system.controller.UserController.getUserInfo', '2022-10-25 21:58:21', 0, '127.0.0.1', '/dataView/sysUser/getLoginUser', '内网IP', NULL, 'Windows 10', '{\"code\":200,\"data\":{\"avatar\":\"https://portrait.gitee.com/uploads/avatars/user/2617/7853024_mornd_1608529482.png\",\"id\":\"7853024\",\"loginName\":\"mornd\",\"permissions\":[{\"code\":\"system:user:update\",\"createBy\":\"1425004256210038785\",\"enabled\":1,\"gmtCreate\":1665878400000,\"hidden\":1,\"id\":\"1581602962446958593\",\"menuType\":2,\"parentId\":\"1425384255047946241\",\"requireAuth\":1,\"sort\":3.0,\"title\":\"修改用户\"},{\"code\":\"systemMonitor\",\"createBy\":\"1425004256210038785\",\"enabled\":1,\"gmtCreate\":1637366400000,\"gmtModified\":1665878400000,\"hidden\":1,\"icon\":\"fa fa-tv\",\"id\":\"1461990613021151233\",\"keepAlive\":1,\"menuType\":0,\"modifiedBy\":\"1425004256210038785\",\"parentId\":\"0\",\"path\":\"\",\"requireAuth\":1,\"sort\":100.0,\"title\":\"系统监控\"},{\"code\":\"system:user:delete\",\"createBy\":\"1425004256210038785\",\"enabled\":1,\"gmtCreate\":1665878400000,\"hidden\":1,\"id\":\"1581603052624494594\",\"menuType\":2,\"parentId\":\"1425384255047946241\",\"requireAuth\":1,\"sort\":4.0,\"title\":\"删除用户\"},{\"code\":\"system:menu:delete\",\"createBy\":\"1425004256210038785\",\"enabled\":——内容过长，以下内容已经忽略...', 3, NULL, 'Chrome 105');
INSERT INTO `sys_log` VALUES ('获取左侧菜单树', 'mornd(gitee)', 'com.mornd.system.controller.PermissionController.getLeftTree', '2022-10-25 21:58:21', 20, '127.0.0.1', '/dataView/permission/leftTree', '内网IP', NULL, 'Windows 10', '{\"code\":200,\"data\":[{\"children\":[{\"code\":\"system:user\",\"component\":\"system/user/UserList\",\"enabled\":1,\"icon\":\"fa fa-user\",\"id\":\"1425384255047946241\",\"keepAlive\":1,\"menuType\":1,\"parentId\":\"1425381271220101122\",\"path\":\"/system/user\",\"sort\":1.0,\"title\":\"用户管理\"},{\"code\":\"system:role\",\"component\":\"system/role/RoleList\",\"enabled\":1,\"icon\":\"fa fa-user-secret\",\"id\":\"1425384412992856065\",\"keepAlive\":1,\"menuType\":1,\"parentId\":\"1425381271220101122\",\"path\":\"/system/role\",\"sort\":2.0,\"title\":\"角色管理\"},{\"code\":\"system:menu\",\"component\":\"system/permission/PermissionList\",\"enabled\":1,\"icon\":\"fa fa-bars\",\"id\":\"1425384413584252930\",\"keepAlive\":1,\"menuType\":1,\"parentId\":\"1425381271220101122\",\"path\":\"/system/permission\",\"sort\":3.0,\"title\":\"菜单管理\"}],\"code\":\"system\",\"enabled\":1,\"icon\":\"fa fa-gear\",\"id\":\"1425381271220101122\",\"menuType\":0,\"parentId\":\"0\",\"path\":\"\",\"sort\":3.0,\"title\":\"系统管理\"},{\"children\":[{\"code\":\"systemMonitor:sysLog\",\"component\":\"monitor/log/LogList\",\"enabled\":1,\"icon\":\"fa fa-camera\",\"id\":\"14869844——内容过长，以下内容已经忽略...', 3, NULL, 'Chrome 105');
INSERT INTO `sys_log` VALUES ('获取角色列表', 'mornd(gitee)', 'com.mornd.system.controller.RoleController.pageList', '2022-10-25 21:58:22', 136, '127.0.0.1', '/dataView/role', '内网IP', '[{\"pageNo\":1,\"pageSize\":10}]', 'Windows 10', '{\"code\":200,\"data\":{\"current\":1,\"hitCount\":false,\"optimizeCountSql\":true,\"orders\":[],\"pages\":2,\"records\":[{\"code\":\"super_admin\",\"delFlag\":1,\"enabled\":1,\"gmtCreate\":1641312000000,\"gmtModified\":1641862726000,\"id\":\"1425011630752735234\",\"modifiedBy\":\"1425004256210038785\",\"name\":\"超级管理员\",\"remark\":\"superAdmin！！！\",\"sort\":1},{\"code\":\"gitee\",\"createBy\":\"7853024\",\"delFlag\":1,\"enabled\":1,\"gmtCreate\":1666627200000,\"gmtModified\":1666706295000,\"id\":\"1584907057962328066\",\"modifiedBy\":\"7853024\",\"name\":\"gitee用户\",\"remark\":\"gitee用户访问默认角色\",\"sort\":1},{\"code\":\"admin\",\"createBy\":\"1425004256210038785\",\"delFlag\":1,\"enabled\":1,\"gmtCreate\":1641484800000,\"gmtModified\":1651515865000,\"id\":\"1479338174086205442\",\"modifiedBy\":\"1425004256210038785\",\"name\":\"管理员\",\"sort\":2},{\"code\":\"guest\",\"createBy\":\"1425004256210038785\",\"delFlag\":1,\"enabled\":1,\"gmtCreate\":1641225600000,\"gmtModified\":1642668973000,\"id\":\"1484006672313884673\",\"modifiedBy\":\"1425004256210038785\",\"name\":\"游客\",\"sort\":4},{\"code\":\"user\",\"delFlag\":1,\"enabled\":1,\"gm——内容过长，以下内容已经忽略...', 3, NULL, 'Chrome 105');
INSERT INTO `sys_log` VALUES ('用户注销', 'mornd(gitee)', 'com.mornd.system.controller.AuthController.userLogout', '2022-10-25 22:02:03', 819, '127.0.0.1', '/dataView/userLogout', '内网IP', '[\"SecurityContextHolderAwareRequestWrapper[ org.springframework.security.web.header.HeaderWriterFilter$HeaderWriterRequest@3aff745c]\"]', 'Windows 10', '{\"code\":200,\"message\":\"退出成功\",\"success\":true,\"timestamp\":1666706513894}', 2, NULL, 'Chrome 105');
INSERT INTO `sys_log` VALUES ('用户注销', 'mornd(gitee)', 'com.mornd.system.controller.AuthController.userLogout', '2022-10-25 22:02:03', 524, '127.0.0.1', '/dataView/userLogout', '内网IP', '[\"SecurityContextHolderAwareRequestWrapper[ org.springframework.security.web.header.HeaderWriterFilter$HeaderWriterRequest@7d229fd6]\"]', 'Windows 10', '{\"code\":200,\"message\":\"退出成功\",\"success\":true,\"timestamp\":1666706513894}', 2, NULL, 'Chrome 105');
INSERT INTO `sys_log` VALUES ('获取当前登录用户信息', 'mornd(gitee)', 'com.mornd.system.controller.UserController.getUserInfo', '2022-10-25 22:12:16', 109, '127.0.0.1', '/dataView/sysUser/getLoginUser', '内网IP', NULL, 'Windows 10', '{\"code\":200,\"data\":{\"avatar\":\"https://portrait.gitee.com/uploads/avatars/user/2617/7853024_mornd_1608529482.png\",\"id\":\"7853024\",\"loginName\":\"mornd\",\"permissions\":[{\"code\":\"system:user:update\",\"createBy\":\"1425004256210038785\",\"enabled\":1,\"gmtCreate\":1665878400000,\"hidden\":1,\"id\":\"1581602962446958593\",\"menuType\":2,\"parentId\":\"1425384255047946241\",\"requireAuth\":1,\"sort\":3.0,\"title\":\"修改用户\"},{\"code\":\"systemMonitor\",\"createBy\":\"1425004256210038785\",\"enabled\":1,\"gmtCreate\":1637366400000,\"gmtModified\":1665878400000,\"hidden\":1,\"icon\":\"fa fa-tv\",\"id\":\"1461990613021151233\",\"keepAlive\":1,\"menuType\":0,\"modifiedBy\":\"1425004256210038785\",\"parentId\":\"0\",\"path\":\"\",\"requireAuth\":1,\"sort\":100.0,\"title\":\"系统监控\"},{\"code\":\"system:user:delete\",\"createBy\":\"1425004256210038785\",\"enabled\":1,\"gmtCreate\":1665878400000,\"hidden\":1,\"id\":\"1581603052624494594\",\"menuType\":2,\"parentId\":\"1425384255047946241\",\"requireAuth\":1,\"sort\":4.0,\"title\":\"删除用户\"},{\"code\":\"system:menu:delete\",\"createBy\":\"1425004256210038785\",\"enabled\":——内容过长，以下内容已经忽略...', 3, NULL, 'Chrome 105');
INSERT INTO `sys_log` VALUES ('获取左侧菜单树', 'mornd(gitee)', 'com.mornd.system.controller.PermissionController.getLeftTree', '2022-10-25 22:13:04', 47654, '127.0.0.1', '/dataView/permission/leftTree', '内网IP', NULL, 'Windows 10', '{\"code\":200,\"data\":[{\"children\":[{\"code\":\"system:user\",\"component\":\"system/user/UserList\",\"enabled\":1,\"icon\":\"fa fa-user\",\"id\":\"1425384255047946241\",\"keepAlive\":1,\"menuType\":1,\"parentId\":\"1425381271220101122\",\"path\":\"/system/user\",\"sort\":1.0,\"title\":\"用户管理\"},{\"code\":\"system:role\",\"component\":\"system/role/RoleList\",\"enabled\":1,\"icon\":\"fa fa-user-secret\",\"id\":\"1425384412992856065\",\"keepAlive\":1,\"menuType\":1,\"parentId\":\"1425381271220101122\",\"path\":\"/system/role\",\"sort\":2.0,\"title\":\"角色管理\"},{\"code\":\"system:menu\",\"component\":\"system/permission/PermissionList\",\"enabled\":1,\"icon\":\"fa fa-bars\",\"id\":\"1425384413584252930\",\"keepAlive\":1,\"menuType\":1,\"parentId\":\"1425381271220101122\",\"path\":\"/system/permission\",\"sort\":3.0,\"title\":\"菜单管理\"}],\"code\":\"system\",\"enabled\":1,\"icon\":\"fa fa-gear\",\"id\":\"1425381271220101122\",\"menuType\":0,\"parentId\":\"0\",\"path\":\"\",\"sort\":3.0,\"title\":\"系统管理\"},{\"children\":[{\"code\":\"systemMonitor:sysLog\",\"component\":\"monitor/log/LogList\",\"enabled\":1,\"icon\":\"fa fa-camera\",\"id\":\"14869844——内容过长，以下内容已经忽略...', 3, NULL, 'Chrome 105');
INSERT INTO `sys_log` VALUES ('查看操作日志', 'mornd(gitee)', 'com.mornd.system.controller.SysLogController.pageList', '2022-10-25 22:13:10', 367, '127.0.0.1', '/dataView/sysLog', '内网IP', '[{\"pageNo\":1,\"pageSize\":10,\"visitDateScope\":[]}]', 'Windows 10', '{\"code\":200,\"data\":{\"current\":1,\"hitCount\":false,\"optimizeCountSql\":true,\"orders\":[],\"pages\":4,\"records\":[{\"address\":\"内网IP\",\"browser\":\"Chrome 105\",\"executionTime\":47654,\"ip\":\"127.0.0.1\",\"methodName\":\"com.mornd.system.controller.PermissionController.getLeftTree\",\"os\":\"Windows 10\",\"result\":\"{\\\"code\\\":200,\\\"data\\\":[{\\\"children\\\":[{\\\"code\\\":\\\"system:user\\\",\\\"component\\\":\\\"system/user/UserList\\\",\\\"enabled\\\":1,\\\"icon\\\":\\\"fa fa-user\\\",\\\"id\\\":\\\"1425384255047946241\\\",\\\"keepAlive\\\":1,\\\"menuType\\\":1,\\\"parentId\\\":\\\"1425381271220101122\\\",\\\"path\\\":\\\"/system/user\\\",\\\"sort\\\":1.0,\\\"title\\\":\\\"用户管理\\\"},{\\\"code\\\":\\\"system:role\\\",\\\"component\\\":\\\"system/role/RoleList\\\",\\\"enabled\\\":1,\\\"icon\\\":\\\"fa fa-user-secret\\\",\\\"id\\\":\\\"1425384412992856065\\\",\\\"keepAlive\\\":1,\\\"menuType\\\":1,\\\"parentId\\\":\\\"1425381271220101122\\\",\\\"path\\\":\\\"/system/role\\\",\\\"sort\\\":2.0,\\\"title\\\":\\\"角色管理\\\"},{\\\"code\\\":\\\"system:menu\\\",\\\"component\\\":\\\"system/permission/PermissionList\\\",\\\"enabled\\\":1,\\\"icon\\\":\\\"fa fa-bars\\\",\\\"id\\\":\\\"142538441358425293——内容过长，以下内容已经忽略...', 3, NULL, 'Chrome 105');
INSERT INTO `sys_log` VALUES ('用户注销', 'mornd(gitee)', 'com.mornd.system.controller.AuthController.userLogout', '2022-10-25 22:14:12', 598, '127.0.0.1', '/dataView/userLogout', '内网IP', '[\"SecurityContextHolderAwareRequestWrapper[ org.springframework.security.web.header.HeaderWriterFilter$HeaderWriterRequest@156319ac]\"]', 'Windows 10', '{\"code\":200,\"message\":\"退出成功\",\"success\":true,\"timestamp\":1666707252417}', 2, NULL, 'Chrome 105');
INSERT INTO `sys_log` VALUES ('用户登录', 'tom', 'com.mornd.system.controller.AuthController.userLogin', '2022-10-25 22:14:21', 1059, '127.0.0.1', '/dataView/userLogin', '内网IP', '[{\"code\":\"9\",\"desEncrypt\":true,\"password\":\"uKLwzVAmjaFJOBUFDhVrYw==\",\"remember\":false,\"username\":\"tom\",\"uuid\":\"3ac08b6ec19e4284ad4a3fe8c52dbe66\"}]', 'Windows 10', '{\"code\":200,\"data\":{\"tokenHead\":\"Bearer \",\"token\":\"eyJhbGciOiJIUzUxMiJ9.eyJqdGkiOiIwZWYyZGVlMi1hNjg0LTQ3ZDAtYWUzNy1mMWNlNjlhNTVjNGIiLCJzdWIiOiJ0b20iLCJpc3MiOiJtb3JuZCIsImlhdCI6MTY2NjcwNzI2MH0.P-DHpsnlUNu5yxhfiKwZV6M9H7UU4T5e4eN9OxkqKJ1nz2D-ZsN-xKShqzfVCcm7d8V8Kp6n6tyS3-AuIS570w\"},\"message\":\"登录成功\",\"success\":true,\"timestamp\":1666707260725}', 1, NULL, 'Chrome 105');
INSERT INTO `sys_log` VALUES ('获取当前登录用户信息', 'tom', 'com.mornd.system.controller.UserController.getUserInfo', '2022-10-25 22:14:21', 0, '127.0.0.1', '/dataView/sysUser/getLoginUser', '内网IP', NULL, 'Windows 10', '{\"code\":200,\"data\":{\"avatar\":\"/profile\\\\avatar\\\\258d4a8b-8c0b-4df6-89b3-057aa73d23f8.jpg\",\"birthday\":-6311289600000,\"delFlag\":1,\"email\":\"tom@163.com\",\"gender\":1,\"gmtCreate\":1628524800000,\"gmtModified\":1666454400000,\"id\":\"1425004256210038785\",\"loginName\":\"tom\",\"modifiedBy\":\"1425004256210038785\",\"permissions\":[{\"code\":\"system\",\"enabled\":1,\"icon\":\"fa fa-gear\",\"id\":\"1425381271220101122\",\"menuType\":0,\"parentId\":\"0\",\"path\":\"\",\"sort\":3.0,\"title\":\"系统管理\"},{\"code\":\"system:menu\",\"component\":\"system/permission/PermissionList\",\"enabled\":1,\"icon\":\"fa fa-bars\",\"id\":\"1425384413584252930\",\"keepAlive\":1,\"menuType\":1,\"parentId\":\"1425381271220101122\",\"path\":\"/system/permission\",\"sort\":3.0,\"title\":\"菜单管理\"},{\"code\":\"duridMonitoring\",\"component\":\"monitor/druid/index\",\"enabled\":1,\"icon\":\"fa fa-database\",\"id\":\"1463297492196085761\",\"keepAlive\":1,\"menuType\":1,\"parentId\":\"1461990613021151233\",\"path\":\"monitor/druid\",\"sort\":3.0,\"title\":\"driud监控\"},{\"code\":\"system:menu:update\",\"enabled\":1,\"id\":\"1581601424831889410\",\"m——内容过长，以下内容已经忽略...', 3, NULL, 'Chrome 105');
INSERT INTO `sys_log` VALUES ('获取左侧菜单树', 'tom', 'com.mornd.system.controller.PermissionController.getLeftTree', '2022-10-25 22:14:21', 27, '127.0.0.1', '/dataView/permission/leftTree', '内网IP', NULL, 'Windows 10', '{\"code\":200,\"data\":[{\"children\":[{\"code\":\"system:user\",\"component\":\"system/user/UserList\",\"enabled\":1,\"icon\":\"fa fa-user\",\"id\":\"1425384255047946241\",\"keepAlive\":1,\"menuType\":1,\"parentId\":\"1425381271220101122\",\"path\":\"/system/user\",\"sort\":1.0,\"title\":\"用户管理\"},{\"code\":\"system:role\",\"component\":\"system/role/RoleList\",\"enabled\":1,\"icon\":\"fa fa-user-secret\",\"id\":\"1425384412992856065\",\"keepAlive\":1,\"menuType\":1,\"parentId\":\"1425381271220101122\",\"path\":\"/system/role\",\"sort\":2.0,\"title\":\"角色管理\"},{\"code\":\"system:menu\",\"component\":\"system/permission/PermissionList\",\"enabled\":1,\"icon\":\"fa fa-bars\",\"id\":\"1425384413584252930\",\"keepAlive\":1,\"menuType\":1,\"parentId\":\"1425381271220101122\",\"path\":\"/system/permission\",\"sort\":3.0,\"title\":\"菜单管理\"}],\"code\":\"system\",\"enabled\":1,\"icon\":\"fa fa-gear\",\"id\":\"1425381271220101122\",\"menuType\":0,\"parentId\":\"0\",\"path\":\"\",\"sort\":3.0,\"title\":\"系统管理\"},{\"children\":[{\"code\":\"systemMonitor:sysLog\",\"component\":\"monitor/log/LogList\",\"enabled\":1,\"icon\":\"fa fa-camera\",\"id\":\"14869844——内容过长，以下内容已经忽略...', 3, NULL, 'Chrome 105');
INSERT INTO `sys_log` VALUES ('查看操作日志', 'tom', 'com.mornd.system.controller.SysLogController.pageList', '2022-10-25 22:14:28', 92, '127.0.0.1', '/dataView/sysLog', '内网IP', '[{\"pageNo\":1,\"pageSize\":10,\"visitDateScope\":[]}]', 'Windows 10', '{\"code\":200,\"data\":{\"current\":1,\"hitCount\":false,\"optimizeCountSql\":true,\"orders\":[],\"pages\":5,\"records\":[{\"address\":\"内网IP\",\"browser\":\"Chrome 105\",\"executionTime\":1059,\"ip\":\"127.0.0.1\",\"methodName\":\"com.mornd.system.controller.AuthController.userLogin\",\"os\":\"Windows 10\",\"params\":\"[{\\\"code\\\":\\\"9\\\",\\\"desEncrypt\\\":true,\\\"password\\\":\\\"uKLwzVAmjaFJOBUFDhVrYw==\\\",\\\"remember\\\":false,\\\"username\\\":\\\"tom\\\",\\\"uuid\\\":\\\"3ac08b6ec19e4284ad4a3fe8c52dbe66\\\"}]\",\"result\":\"{\\\"code\\\":200,\\\"data\\\":{\\\"tokenHead\\\":\\\"Bearer \\\",\\\"token\\\":\\\"eyJhbGciOiJIUzUxMiJ9.eyJqdGkiOiIwZWYyZGVlMi1hNjg0LTQ3ZDAtYWUzNy1mMWNlNjlhNTVjNGIiLCJzdWIiOiJ0b20iLCJpc3MiOiJtb3JuZCIsImlhdCI6MTY2NjcwNzI2MH0.P-DHpsnlUNu5yxhfiKwZV6M9H7UU4T5e4eN9OxkqKJ1nz2D-ZsN-xKShqzfVCcm7d8V8Kp6n6tyS3-AuIS570w\\\"},\\\"message\\\":\\\"登录成功\\\",\\\"success\\\":true,\\\"timestamp\\\":1666707260725}\",\"title\":\"用户登录\",\"type\":1,\"url\":\"/dataView/userLogin\",\"username\":\"tom\",\"visitDate\":1666707261000},{\"address\":\"内网IP\",\"browser\":\"Chrome 105\",\"executionTime\":0,\"ip\":\"127.0.0.1\",\"methodN——内容过长，以下内容已经忽略...', 3, NULL, 'Chrome 105');
INSERT INTO `sys_log` VALUES ('获取在线用户列表', 'tom', 'com.mornd.system.controller.OnlineUserController.pageList', '2022-10-25 22:14:42', 13, '127.0.0.1', '/dataView/onlineUser', '内网IP', '[{\"pageNo\":1,\"pageSize\":10}]', 'Windows 10', '{\"code\":200,\"data\":{\"total\":1,\"data\":[{\"address\":\"内网IP\",\"browser\":\"Chrome 105\",\"duration\":21535,\"id\":\"1425004256210038785\",\"ip\":\"127.0.0.1\",\"loginName\":\"tom\",\"loginTime\":1666707260683,\"os\":\"Windows 10\",\"realName\":\"小杨2\"}]},\"success\":true,\"timestamp\":1666707282221}', 3, NULL, 'Chrome 105');
INSERT INTO `sys_log` VALUES ('获取当前登录用户信息', 'mornd(gitee)', 'com.mornd.system.controller.UserController.getUserInfo', '2022-10-25 22:15:44', 0, '127.0.0.1', '/dataView/sysUser/getLoginUser', '内网IP', NULL, 'Windows 10', '{\"code\":200,\"data\":{\"avatar\":\"https://portrait.gitee.com/uploads/avatars/user/2617/7853024_mornd_1608529482.png\",\"id\":\"7853024\",\"loginName\":\"mornd\",\"permissions\":[{\"code\":\"system:user:update\",\"createBy\":\"1425004256210038785\",\"enabled\":1,\"gmtCreate\":1665878400000,\"hidden\":1,\"id\":\"1581602962446958593\",\"menuType\":2,\"parentId\":\"1425384255047946241\",\"requireAuth\":1,\"sort\":3.0,\"title\":\"修改用户\"},{\"code\":\"systemMonitor\",\"createBy\":\"1425004256210038785\",\"enabled\":1,\"gmtCreate\":1637366400000,\"gmtModified\":1665878400000,\"hidden\":1,\"icon\":\"fa fa-tv\",\"id\":\"1461990613021151233\",\"keepAlive\":1,\"menuType\":0,\"modifiedBy\":\"1425004256210038785\",\"parentId\":\"0\",\"path\":\"\",\"requireAuth\":1,\"sort\":100.0,\"title\":\"系统监控\"},{\"code\":\"system:user:delete\",\"createBy\":\"1425004256210038785\",\"enabled\":1,\"gmtCreate\":1665878400000,\"hidden\":1,\"id\":\"1581603052624494594\",\"menuType\":2,\"parentId\":\"1425384255047946241\",\"requireAuth\":1,\"sort\":4.0,\"title\":\"删除用户\"},{\"code\":\"system:menu:delete\",\"createBy\":\"1425004256210038785\",\"enabled\":——内容过长，以下内容已经忽略...', 3, NULL, 'Edge 106');
INSERT INTO `sys_log` VALUES ('获取左侧菜单树', 'mornd(gitee)', 'com.mornd.system.controller.PermissionController.getLeftTree', '2022-10-25 22:15:45', 24, '127.0.0.1', '/dataView/permission/leftTree', '内网IP', NULL, 'Windows 10', '{\"code\":200,\"data\":[{\"children\":[{\"code\":\"system:user\",\"component\":\"system/user/UserList\",\"enabled\":1,\"icon\":\"fa fa-user\",\"id\":\"1425384255047946241\",\"keepAlive\":1,\"menuType\":1,\"parentId\":\"1425381271220101122\",\"path\":\"/system/user\",\"sort\":1.0,\"title\":\"用户管理\"},{\"code\":\"system:role\",\"component\":\"system/role/RoleList\",\"enabled\":1,\"icon\":\"fa fa-user-secret\",\"id\":\"1425384412992856065\",\"keepAlive\":1,\"menuType\":1,\"parentId\":\"1425381271220101122\",\"path\":\"/system/role\",\"sort\":2.0,\"title\":\"角色管理\"},{\"code\":\"system:menu\",\"component\":\"system/permission/PermissionList\",\"enabled\":1,\"icon\":\"fa fa-bars\",\"id\":\"1425384413584252930\",\"keepAlive\":1,\"menuType\":1,\"parentId\":\"1425381271220101122\",\"path\":\"/system/permission\",\"sort\":3.0,\"title\":\"菜单管理\"}],\"code\":\"system\",\"enabled\":1,\"icon\":\"fa fa-gear\",\"id\":\"1425381271220101122\",\"menuType\":0,\"parentId\":\"0\",\"path\":\"\",\"sort\":3.0,\"title\":\"系统管理\"},{\"children\":[{\"code\":\"systemMonitor:sysLog\",\"component\":\"monitor/log/LogList\",\"enabled\":1,\"icon\":\"fa fa-camera\",\"id\":\"14869844——内容过长，以下内容已经忽略...', 3, NULL, 'Edge 106');
INSERT INTO `sys_log` VALUES ('获取在线用户列表', 'tom', 'com.mornd.system.controller.OnlineUserController.pageList', '2022-10-25 22:15:50', 15, '127.0.0.1', '/dataView/onlineUser', '内网IP', '[{\"pageNo\":1,\"pageSize\":10}]', 'Windows 10', '{\"code\":200,\"data\":{\"total\":2,\"data\":[{\"address\":\"内网IP\",\"browser\":\"Edge 106\",\"duration\":5205,\"id\":\"7853024\",\"ip\":\"127.0.0.1\",\"loginName\":\"mornd\",\"loginTime\":1666707344361,\"os\":\"Windows 10\",\"realName\":\"采采芣苢\"},{\"address\":\"内网IP\",\"browser\":\"Chrome 105\",\"duration\":88883,\"id\":\"1425004256210038785\",\"ip\":\"127.0.0.1\",\"loginName\":\"tom\",\"loginTime\":1666707260683,\"os\":\"Windows 10\",\"realName\":\"小杨2\"}]},\"success\":true,\"timestamp\":1666707349566}', 3, NULL, 'Chrome 105');
INSERT INTO `sys_log` VALUES ('获取在线用户列表', 'tom', 'com.mornd.system.controller.OnlineUserController.pageList', '2022-10-25 22:15:50', 7, '127.0.0.1', '/dataView/onlineUser', '内网IP', '[{\"pageNo\":1,\"pageSize\":10}]', 'Windows 10', '{\"code\":200,\"data\":{\"total\":2,\"data\":[{\"address\":\"内网IP\",\"browser\":\"Edge 106\",\"duration\":6015,\"id\":\"7853024\",\"ip\":\"127.0.0.1\",\"loginName\":\"mornd\",\"loginTime\":1666707344361,\"os\":\"Windows 10\",\"realName\":\"采采芣苢\"},{\"address\":\"内网IP\",\"browser\":\"Chrome 105\",\"duration\":89693,\"id\":\"1425004256210038785\",\"ip\":\"127.0.0.1\",\"loginName\":\"tom\",\"loginTime\":1666707260683,\"os\":\"Windows 10\",\"realName\":\"小杨2\"}]},\"success\":true,\"timestamp\":1666707350376}', 3, NULL, 'Chrome 105');
INSERT INTO `sys_log` VALUES ('获取在线用户列表', 'tom', 'com.mornd.system.controller.OnlineUserController.pageList', '2022-10-25 22:15:51', 6, '127.0.0.1', '/dataView/onlineUser', '内网IP', '[{\"pageNo\":1,\"pageSize\":10}]', 'Windows 10', '{\"code\":200,\"data\":{\"total\":2,\"data\":[{\"address\":\"内网IP\",\"browser\":\"Edge 106\",\"duration\":7040,\"id\":\"7853024\",\"ip\":\"127.0.0.1\",\"loginName\":\"mornd\",\"loginTime\":1666707344361,\"os\":\"Windows 10\",\"realName\":\"采采芣苢\"},{\"address\":\"内网IP\",\"browser\":\"Chrome 105\",\"duration\":90718,\"id\":\"1425004256210038785\",\"ip\":\"127.0.0.1\",\"loginName\":\"tom\",\"loginTime\":1666707260683,\"os\":\"Windows 10\",\"realName\":\"小杨2\"}]},\"success\":true,\"timestamp\":1666707351401}', 3, NULL, 'Chrome 105');
INSERT INTO `sys_log` VALUES ('获取在线用户列表', 'tom', 'com.mornd.system.controller.OnlineUserController.pageList', '2022-10-25 22:15:52', 9, '127.0.0.1', '/dataView/onlineUser', '内网IP', '[{\"pageNo\":1,\"pageSize\":10}]', 'Windows 10', '{\"code\":200,\"data\":{\"total\":2,\"data\":[{\"address\":\"内网IP\",\"browser\":\"Edge 106\",\"duration\":7380,\"id\":\"7853024\",\"ip\":\"127.0.0.1\",\"loginName\":\"mornd\",\"loginTime\":1666707344361,\"os\":\"Windows 10\",\"realName\":\"采采芣苢\"},{\"address\":\"内网IP\",\"browser\":\"Chrome 105\",\"duration\":91058,\"id\":\"1425004256210038785\",\"ip\":\"127.0.0.1\",\"loginName\":\"tom\",\"loginTime\":1666707260683,\"os\":\"Windows 10\",\"realName\":\"小杨2\"}]},\"success\":true,\"timestamp\":1666707351741}', 3, NULL, 'Chrome 105');
INSERT INTO `sys_log` VALUES ('获取在线用户列表', 'tom', 'com.mornd.system.controller.OnlineUserController.pageList', '2022-10-25 22:15:53', 8, '127.0.0.1', '/dataView/onlineUser', '内网IP', '[{\"pageNo\":1,\"pageSize\":10}]', 'Windows 10', '{\"code\":200,\"data\":{\"total\":2,\"data\":[{\"address\":\"内网IP\",\"browser\":\"Edge 106\",\"duration\":8320,\"id\":\"7853024\",\"ip\":\"127.0.0.1\",\"loginName\":\"mornd\",\"loginTime\":1666707344361,\"os\":\"Windows 10\",\"realName\":\"采采芣苢\"},{\"address\":\"内网IP\",\"browser\":\"Chrome 105\",\"duration\":91998,\"id\":\"1425004256210038785\",\"ip\":\"127.0.0.1\",\"loginName\":\"tom\",\"loginTime\":1666707260683,\"os\":\"Windows 10\",\"realName\":\"小杨2\"}]},\"success\":true,\"timestamp\":1666707352681}', 3, NULL, 'Chrome 105');
INSERT INTO `sys_log` VALUES ('获取在线用户列表', 'tom', 'com.mornd.system.controller.OnlineUserController.pageList', '2022-10-25 22:15:54', 5, '127.0.0.1', '/dataView/onlineUser', '内网IP', '[{\"pageNo\":1,\"pageSize\":10}]', 'Windows 10', '{\"code\":200,\"data\":{\"total\":2,\"data\":[{\"address\":\"内网IP\",\"browser\":\"Edge 106\",\"duration\":9224,\"id\":\"7853024\",\"ip\":\"127.0.0.1\",\"loginName\":\"mornd\",\"loginTime\":1666707344361,\"os\":\"Windows 10\",\"realName\":\"采采芣苢\"},{\"address\":\"内网IP\",\"browser\":\"Chrome 105\",\"duration\":92902,\"id\":\"1425004256210038785\",\"ip\":\"127.0.0.1\",\"loginName\":\"tom\",\"loginTime\":1666707260683,\"os\":\"Windows 10\",\"realName\":\"小杨2\"}]},\"success\":true,\"timestamp\":1666707353585}', 3, NULL, 'Chrome 105');
INSERT INTO `sys_log` VALUES ('强制踢人', 'tom', 'com.mornd.system.controller.OnlineUserController.kick', '2022-10-25 22:16:57', 5, '127.0.0.1', '/dataView/onlineUser/7853024', '内网IP', '[\"7853024\"]', 'Windows 10', '{\"code\":200,\"message\":\"操作成功\",\"success\":true,\"timestamp\":1666707417088}', 3, NULL, 'Chrome 105');
INSERT INTO `sys_log` VALUES ('获取在线用户列表', 'tom', 'com.mornd.system.controller.OnlineUserController.pageList', '2022-10-25 22:16:57', 4, '127.0.0.1', '/dataView/onlineUser', '内网IP', '[{\"pageNo\":1,\"pageSize\":10}]', 'Windows 10', '{\"code\":200,\"data\":{\"total\":1,\"data\":[{\"address\":\"内网IP\",\"browser\":\"Chrome 105\",\"duration\":156666,\"id\":\"1425004256210038785\",\"ip\":\"127.0.0.1\",\"loginName\":\"tom\",\"loginTime\":1666707260683,\"os\":\"Windows 10\",\"realName\":\"小杨2\"}]},\"success\":true,\"timestamp\":1666707417349}', 3, NULL, 'Chrome 105');
INSERT INTO `sys_log` VALUES ('查看操作日志', 'tom', 'com.mornd.system.controller.SysLogController.pageList', '2022-10-25 22:17:37', 68, '127.0.0.1', '/dataView/sysLog', '内网IP', '[{\"pageNo\":1,\"pageSize\":10,\"visitDateScope\":[]}]', 'Windows 10', '{\"code\":200,\"data\":{\"current\":1,\"hitCount\":false,\"optimizeCountSql\":true,\"orders\":[],\"pages\":6,\"records\":[{\"address\":\"内网IP\",\"browser\":\"Chrome 105\",\"executionTime\":5,\"ip\":\"127.0.0.1\",\"methodName\":\"com.mornd.system.controller.OnlineUserController.kick\",\"os\":\"Windows 10\",\"params\":\"[\\\"7853024\\\"]\",\"result\":\"{\\\"code\\\":200,\\\"message\\\":\\\"操作成功\\\",\\\"success\\\":true,\\\"timestamp\\\":1666707417088}\",\"title\":\"强制踢人\",\"type\":3,\"url\":\"/dataView/onlineUser/7853024\",\"username\":\"tom\",\"visitDate\":1666707417000},{\"address\":\"内网IP\",\"browser\":\"Chrome 105\",\"executionTime\":4,\"ip\":\"127.0.0.1\",\"methodName\":\"com.mornd.system.controller.OnlineUserController.pageList\",\"os\":\"Windows 10\",\"params\":\"[{\\\"pageNo\\\":1,\\\"pageSize\\\":10}]\",\"result\":\"{\\\"code\\\":200,\\\"data\\\":{\\\"total\\\":1,\\\"data\\\":[{\\\"address\\\":\\\"内网IP\\\",\\\"browser\\\":\\\"Chrome 105\\\",\\\"duration\\\":156666,\\\"id\\\":\\\"1425004256210038785\\\",\\\"ip\\\":\\\"127.0.0.1\\\",\\\"loginName\\\":\\\"tom\\\",\\\"loginTime\\\":1666707260683,\\\"os\\\":\\\"Windows 10\\\",\\\"realName\\\":\\\"小杨2\\\"}]},\\\"success\\\":true,\\\"timest——内容过长，以下内容已经忽略...', 3, NULL, 'Chrome 105');
INSERT INTO `sys_log` VALUES ('用户注销', 'tom', 'com.mornd.system.controller.AuthController.userLogout', '2022-10-25 22:19:00', 360, '127.0.0.1', '/dataView/userLogout', '内网IP', '[\"SecurityContextHolderAwareRequestWrapper[ org.springframework.security.web.header.HeaderWriterFilter$HeaderWriterRequest@24952e52]\"]', 'Windows 10', '{\"code\":200,\"message\":\"退出成功\",\"success\":true,\"timestamp\":1666707531288}', 2, NULL, 'Chrome 105');
INSERT INTO `sys_log` VALUES ('获取当前登录用户信息', 'mornd(gitee)', 'com.mornd.system.controller.UserController.getUserInfo', '2022-10-25 22:19:15', 57, '127.0.0.1', '/dataView/sysUser/getLoginUser', '内网IP', NULL, 'Windows 10', '{\"code\":200,\"data\":{\"avatar\":\"https://portrait.gitee.com/uploads/avatars/user/2617/7853024_mornd_1608529482.png\",\"id\":\"7853024\",\"loginName\":\"mornd\",\"permissions\":[{\"code\":\"system:user:update\",\"createBy\":\"1425004256210038785\",\"enabled\":1,\"gmtCreate\":1665878400000,\"hidden\":1,\"id\":\"1581602962446958593\",\"menuType\":2,\"parentId\":\"1425384255047946241\",\"requireAuth\":1,\"sort\":3.0,\"title\":\"修改用户\"},{\"code\":\"systemMonitor\",\"createBy\":\"1425004256210038785\",\"enabled\":1,\"gmtCreate\":1637366400000,\"gmtModified\":1665878400000,\"hidden\":1,\"icon\":\"fa fa-tv\",\"id\":\"1461990613021151233\",\"keepAlive\":1,\"menuType\":0,\"modifiedBy\":\"1425004256210038785\",\"parentId\":\"0\",\"path\":\"\",\"requireAuth\":1,\"sort\":100.0,\"title\":\"系统监控\"},{\"code\":\"system:user:delete\",\"createBy\":\"1425004256210038785\",\"enabled\":1,\"gmtCreate\":1665878400000,\"hidden\":1,\"id\":\"1581603052624494594\",\"menuType\":2,\"parentId\":\"1425384255047946241\",\"requireAuth\":1,\"sort\":4.0,\"title\":\"删除用户\"},{\"code\":\"system:menu:delete\",\"createBy\":\"1425004256210038785\",\"enabled\":——内容过长，以下内容已经忽略...', 3, NULL, 'Chrome 105');
INSERT INTO `sys_log` VALUES ('获取左侧菜单树', 'mornd(gitee)', 'com.mornd.system.controller.PermissionController.getLeftTree', '2022-10-25 22:19:47', 31022, '127.0.0.1', '/dataView/permission/leftTree', '内网IP', NULL, 'Windows 10', '{\"code\":200,\"data\":[{\"children\":[{\"children\":[{\"code\":\"system:user:add\",\"enabled\":1,\"id\":\"1581602868477771778\",\"menuType\":2,\"parentId\":\"1425384255047946241\",\"sort\":2.0,\"title\":\"新增用户\"},{\"code\":\"system:user:update\",\"enabled\":1,\"id\":\"1581602962446958593\",\"menuType\":2,\"parentId\":\"1425384255047946241\",\"sort\":3.0,\"title\":\"修改用户\"},{\"code\":\"system:user:delete\",\"enabled\":1,\"id\":\"1581603052624494594\",\"menuType\":2,\"parentId\":\"1425384255047946241\",\"sort\":4.0,\"title\":\"删除用户\"},{\"code\":\"system:user:changeStatus\",\"enabled\":1,\"id\":\"1581621978532102146\",\"menuType\":2,\"parentId\":\"1425384255047946241\",\"sort\":5.0,\"title\":\"用户状态修改\"}],\"code\":\"system:user\",\"component\":\"system/user/UserList\",\"enabled\":1,\"icon\":\"fa fa-user\",\"id\":\"1425384255047946241\",\"keepAlive\":1,\"menuType\":1,\"parentId\":\"1425381271220101122\",\"path\":\"/system/user\",\"sort\":1.0,\"title\":\"用户管理\"},{\"children\":[{\"code\":\"system:role:add\",\"enabled\":1,\"id\":\"1581603401271820290\",\"menuType\":2,\"parentId\":\"1425384412992856065\",\"sort\":2.0,\"title\":\"角色添加\"},{\"code\":\"——内容过长，以下内容已经忽略...', 3, NULL, 'Chrome 105');
INSERT INTO `sys_log` VALUES ('获取用户列表', 'mornd(gitee)', 'com.mornd.system.controller.UserController.pageList', '2022-10-25 22:19:50', 163, '127.0.0.1', '/dataView/sysUser', '内网IP', '[{\"pageNo\":1,\"pageSize\":10}]', 'Windows 10', '{\"code\":200,\"data\":{\"current\":1,\"hitCount\":false,\"optimizeCountSql\":true,\"orders\":[],\"pages\":2,\"records\":[{\"avatar\":\"/profile\\\\avatar\\\\258d4a8b-8c0b-4df6-89b3-057aa73d23f8.jpg\",\"birthday\":-6311289600000,\"email\":\"tom@163.com\",\"gender\":1,\"gmtCreate\":1628524800000,\"id\":\"1425004256210038785\",\"loginName\":\"tom\",\"phone\":\"18270917877\",\"realName\":\"小杨2\",\"status\":1},{\"avatar\":\"\",\"birthday\":897840000000,\"email\":\"\",\"gender\":0,\"gmtCreate\":1631548800000,\"id\":\"1\",\"loginName\":\"jack\",\"phone\":\"\",\"realName\":\" 小晨\",\"status\":1},{\"avatar\":\"http://r67xhbta9.hn-bkt.clouddn.com/20220127081625_1483764958705852417.jpg\",\"birthday\":1088092800000,\"email\":\"222@qq.com\",\"gender\":1,\"gmtCreate\":1642521600000,\"id\":\"1483764958705852417\",\"loginName\":\"www\",\"phone\":\"15825652541\",\"realName\":\"2222\",\"status\":1},{\"birthday\":1641225600000,\"gender\":0,\"gmtCreate\":1642608000000,\"id\":\"1484059335881662465\",\"loginName\":\"尊敬的弗拉基米尔伯爵二世\",\"realName\":\"尊敬的弗拉基米尔伯爵\",\"status\":1},{\"gender\":1,\"gmtCreate\":1643022342000,\"id\":\"1485569489789837313\",\"log——内容过长，以下内容已经忽略...', 3, NULL, 'Chrome 105');
INSERT INTO `sys_log` VALUES ('查看操作日志', 'mornd(gitee)', 'com.mornd.system.controller.SysLogController.pageList', '2022-10-25 22:19:53', 73, '127.0.0.1', '/dataView/sysLog', '内网IP', '[{\"pageNo\":1,\"pageSize\":10,\"visitDateScope\":[]}]', 'Windows 10', '{\"code\":200,\"data\":{\"current\":1,\"hitCount\":false,\"optimizeCountSql\":true,\"orders\":[],\"pages\":6,\"records\":[{\"address\":\"内网IP\",\"browser\":\"Chrome 105\",\"executionTime\":163,\"ip\":\"127.0.0.1\",\"methodName\":\"com.mornd.system.controller.UserController.pageList\",\"os\":\"Windows 10\",\"params\":\"[{\\\"pageNo\\\":1,\\\"pageSize\\\":10}]\",\"result\":\"{\\\"code\\\":200,\\\"data\\\":{\\\"current\\\":1,\\\"hitCount\\\":false,\\\"optimizeCountSql\\\":true,\\\"orders\\\":[],\\\"pages\\\":2,\\\"records\\\":[{\\\"avatar\\\":\\\"/profile\\\\\\\\avatar\\\\\\\\258d4a8b-8c0b-4df6-89b3-057aa73d23f8.jpg\\\",\\\"birthday\\\":-6311289600000,\\\"email\\\":\\\"tom@163.com\\\",\\\"gender\\\":1,\\\"gmtCreate\\\":1628524800000,\\\"id\\\":\\\"1425004256210038785\\\",\\\"loginName\\\":\\\"tom\\\",\\\"phone\\\":\\\"18270917877\\\",\\\"realName\\\":\\\"小杨2\\\",\\\"status\\\":1},{\\\"avatar\\\":\\\"\\\",\\\"birthday\\\":897840000000,\\\"email\\\":\\\"\\\",\\\"gender\\\":0,\\\"gmtCreate\\\":1631548800000,\\\"id\\\":\\\"1\\\",\\\"loginName\\\":\\\"jack\\\",\\\"phone\\\":\\\"\\\",\\\"realName\\\":\\\" 小晨\\\",\\\"status\\\":1},{\\\"avatar\\\":\\\"http://r67xhbta9.hn-bkt.clouddn.com/20220127081625_14837649587058524——内容过长，以下内容已经忽略...', 3, NULL, 'Chrome 105');
INSERT INTO `sys_log` VALUES ('获取在线用户列表', 'mornd(gitee)', 'com.mornd.system.controller.OnlineUserController.pageList', '2022-10-25 22:19:54', 17, '127.0.0.1', '/dataView/onlineUser', '内网IP', '[{\"pageNo\":1,\"pageSize\":10}]', 'Windows 10', '{\"code\":200,\"data\":{\"total\":1,\"data\":[{\"address\":\"内网IP\",\"browser\":\"Chrome 105\",\"duration\":38981,\"id\":\"7853024\",\"ip\":\"127.0.0.1\",\"loginName\":\"mornd\",\"loginTime\":1666707555080,\"os\":\"Windows 10\",\"realName\":\"采采芣苢\"}]},\"success\":true,\"timestamp\":1666707594063}', 3, NULL, 'Chrome 105');
INSERT INTO `sys_log` VALUES ('获取用户列表', 'mornd(gitee)', 'com.mornd.system.controller.UserController.pageList', '2022-10-25 22:19:58', 58, '127.0.0.1', '/dataView/sysUser', '内网IP', '[{\"pageNo\":1,\"pageSize\":10}]', 'Windows 10', '{\"code\":200,\"data\":{\"current\":1,\"hitCount\":false,\"optimizeCountSql\":true,\"orders\":[],\"pages\":2,\"records\":[{\"avatar\":\"/profile\\\\avatar\\\\258d4a8b-8c0b-4df6-89b3-057aa73d23f8.jpg\",\"birthday\":-6311289600000,\"email\":\"tom@163.com\",\"gender\":1,\"gmtCreate\":1628524800000,\"id\":\"1425004256210038785\",\"loginName\":\"tom\",\"phone\":\"18270917877\",\"realName\":\"小杨2\",\"status\":1},{\"avatar\":\"\",\"birthday\":897840000000,\"email\":\"\",\"gender\":0,\"gmtCreate\":1631548800000,\"id\":\"1\",\"loginName\":\"jack\",\"phone\":\"\",\"realName\":\" 小晨\",\"status\":1},{\"avatar\":\"http://r67xhbta9.hn-bkt.clouddn.com/20220127081625_1483764958705852417.jpg\",\"birthday\":1088092800000,\"email\":\"222@qq.com\",\"gender\":1,\"gmtCreate\":1642521600000,\"id\":\"1483764958705852417\",\"loginName\":\"www\",\"phone\":\"15825652541\",\"realName\":\"2222\",\"status\":1},{\"birthday\":1641225600000,\"gender\":0,\"gmtCreate\":1642608000000,\"id\":\"1484059335881662465\",\"loginName\":\"尊敬的弗拉基米尔伯爵二世\",\"realName\":\"尊敬的弗拉基米尔伯爵\",\"status\":1},{\"gender\":1,\"gmtCreate\":1643022342000,\"id\":\"1485569489789837313\",\"log——内容过长，以下内容已经忽略...', 3, NULL, 'Chrome 105');
INSERT INTO `sys_log` VALUES ('获取角色列表', 'mornd(gitee)', 'com.mornd.system.controller.RoleController.pageList', '2022-10-25 22:20:00', 84, '127.0.0.1', '/dataView/role', '内网IP', '[{\"pageNo\":1,\"pageSize\":10}]', 'Windows 10', '{\"code\":200,\"data\":{\"current\":1,\"hitCount\":false,\"optimizeCountSql\":true,\"orders\":[],\"pages\":2,\"records\":[{\"code\":\"super_admin\",\"delFlag\":1,\"enabled\":1,\"gmtCreate\":1641312000000,\"gmtModified\":1641862726000,\"id\":\"1425011630752735234\",\"modifiedBy\":\"1425004256210038785\",\"name\":\"超级管理员\",\"remark\":\"superAdmin！！！\",\"sort\":1},{\"code\":\"gitee\",\"createBy\":\"7853024\",\"delFlag\":1,\"enabled\":1,\"gmtCreate\":1666627200000,\"gmtModified\":1666706295000,\"id\":\"1584907057962328066\",\"modifiedBy\":\"7853024\",\"name\":\"gitee用户\",\"remark\":\"gitee用户访问默认角色\",\"sort\":1},{\"code\":\"admin\",\"createBy\":\"1425004256210038785\",\"delFlag\":1,\"enabled\":1,\"gmtCreate\":1641484800000,\"gmtModified\":1651515865000,\"id\":\"1479338174086205442\",\"modifiedBy\":\"1425004256210038785\",\"name\":\"管理员\",\"sort\":2},{\"code\":\"guest\",\"createBy\":\"1425004256210038785\",\"delFlag\":1,\"enabled\":1,\"gmtCreate\":1641225600000,\"gmtModified\":1642668973000,\"id\":\"1484006672313884673\",\"modifiedBy\":\"1425004256210038785\",\"name\":\"游客\",\"sort\":4},{\"code\":\"user\",\"delFlag\":1,\"enabled\":1,\"gm——内容过长，以下内容已经忽略...', 3, NULL, 'Chrome 105');
INSERT INTO `sys_log` VALUES ('获取菜单列表', 'mornd(gitee)', 'com.mornd.system.controller.PermissionController.tableTree', '2022-10-25 22:20:00', 33, '127.0.0.1', '/dataView/permission/tableTree', '内网IP', NULL, 'Windows 10', '{\"code\":200,\"data\":[{\"children\":[{\"children\":[{\"code\":\"system:user:add\",\"createBy\":\"1425004256210038785\",\"enabled\":1,\"gmtCreate\":1665918483000,\"hidden\":1,\"id\":\"1581602868477771778\",\"menuType\":2,\"parentId\":\"1425384255047946241\",\"requireAuth\":1,\"sort\":2.0,\"title\":\"新增用户\"},{\"code\":\"system:user:update\",\"createBy\":\"1425004256210038785\",\"enabled\":1,\"gmtCreate\":1665918506000,\"hidden\":1,\"id\":\"1581602962446958593\",\"menuType\":2,\"parentId\":\"1425384255047946241\",\"requireAuth\":1,\"sort\":3.0,\"title\":\"修改用户\"},{\"code\":\"system:user:delete\",\"createBy\":\"1425004256210038785\",\"enabled\":1,\"gmtCreate\":1665918527000,\"hidden\":1,\"id\":\"1581603052624494594\",\"menuType\":2,\"parentId\":\"1425384255047946241\",\"requireAuth\":1,\"sort\":4.0,\"title\":\"删除用户\"},{\"code\":\"system:user:changeStatus\",\"createBy\":\"1425004256210038785\",\"enabled\":1,\"gmtCreate\":1665923039000,\"hidden\":1,\"id\":\"1581621978532102146\",\"menuType\":2,\"parentId\":\"1425384255047946241\",\"requireAuth\":1,\"sort\":5.0,\"title\":\"用户状态修改\"}],\"code\":\"system:user\",\"component\":\"system——内容过长，以下内容已经忽略...', 3, NULL, 'Chrome 105');
INSERT INTO `sys_log` VALUES ('查看操作日志', 'mornd(gitee)', 'com.mornd.system.controller.SysLogController.pageList', '2022-10-25 22:20:04', 43, '127.0.0.1', '/dataView/sysLog', '内网IP', '[{\"pageNo\":1,\"pageSize\":10,\"visitDateScope\":[]}]', 'Windows 10', '{\"code\":200,\"data\":{\"current\":1,\"hitCount\":false,\"optimizeCountSql\":true,\"orders\":[],\"pages\":7,\"records\":[{\"address\":\"内网IP\",\"browser\":\"Chrome 105\",\"executionTime\":84,\"ip\":\"127.0.0.1\",\"methodName\":\"com.mornd.system.controller.RoleController.pageList\",\"os\":\"Windows 10\",\"params\":\"[{\\\"pageNo\\\":1,\\\"pageSize\\\":10}]\",\"result\":\"{\\\"code\\\":200,\\\"data\\\":{\\\"current\\\":1,\\\"hitCount\\\":false,\\\"optimizeCountSql\\\":true,\\\"orders\\\":[],\\\"pages\\\":2,\\\"records\\\":[{\\\"code\\\":\\\"super_admin\\\",\\\"delFlag\\\":1,\\\"enabled\\\":1,\\\"gmtCreate\\\":1641312000000,\\\"gmtModified\\\":1641862726000,\\\"id\\\":\\\"1425011630752735234\\\",\\\"modifiedBy\\\":\\\"1425004256210038785\\\",\\\"name\\\":\\\"超级管理员\\\",\\\"remark\\\":\\\"superAdmin！！！\\\",\\\"sort\\\":1},{\\\"code\\\":\\\"gitee\\\",\\\"createBy\\\":\\\"7853024\\\",\\\"delFlag\\\":1,\\\"enabled\\\":1,\\\"gmtCreate\\\":1666627200000,\\\"gmtModified\\\":1666706295000,\\\"id\\\":\\\"1584907057962328066\\\",\\\"modifiedBy\\\":\\\"7853024\\\",\\\"name\\\":\\\"gitee用户\\\",\\\"remark\\\":\\\"gitee用户访问默认角色\\\",\\\"sort\\\":1},{\\\"code\\\":\\\"admin\\\",\\\"createBy\\\":\\\"1425004256210038785\\\",\\\"delF——内容过长，以下内容已经忽略...', 3, NULL, 'Chrome 105');
INSERT INTO `sys_log` VALUES ('获取在线用户列表', 'mornd(gitee)', 'com.mornd.system.controller.OnlineUserController.pageList', '2022-10-25 22:20:05', 13, '127.0.0.1', '/dataView/onlineUser', '内网IP', '[{\"pageNo\":1,\"pageSize\":10}]', 'Windows 10', '{\"code\":200,\"data\":{\"total\":1,\"data\":[{\"address\":\"内网IP\",\"browser\":\"Chrome 105\",\"duration\":49922,\"id\":\"7853024\",\"ip\":\"127.0.0.1\",\"loginName\":\"mornd\",\"loginTime\":1666707555080,\"os\":\"Windows 10\",\"realName\":\"采采芣苢\"}]},\"success\":true,\"timestamp\":1666707605002}', 3, NULL, 'Chrome 105');
INSERT INTO `sys_log` VALUES ('查看操作日志', 'mornd(gitee)', 'com.mornd.system.controller.SysLogController.pageList', '2022-10-25 22:20:06', 27, '127.0.0.1', '/dataView/sysLog', '内网IP', '[{\"pageNo\":1,\"pageSize\":10,\"visitDateScope\":[]}]', 'Windows 10', '{\"code\":200,\"data\":{\"current\":1,\"hitCount\":false,\"optimizeCountSql\":true,\"orders\":[],\"pages\":7,\"records\":[{\"address\":\"内网IP\",\"browser\":\"Chrome 105\",\"executionTime\":13,\"ip\":\"127.0.0.1\",\"methodName\":\"com.mornd.system.controller.OnlineUserController.pageList\",\"os\":\"Windows 10\",\"params\":\"[{\\\"pageNo\\\":1,\\\"pageSize\\\":10}]\",\"result\":\"{\\\"code\\\":200,\\\"data\\\":{\\\"total\\\":1,\\\"data\\\":[{\\\"address\\\":\\\"内网IP\\\",\\\"browser\\\":\\\"Chrome 105\\\",\\\"duration\\\":49922,\\\"id\\\":\\\"7853024\\\",\\\"ip\\\":\\\"127.0.0.1\\\",\\\"loginName\\\":\\\"mornd\\\",\\\"loginTime\\\":1666707555080,\\\"os\\\":\\\"Windows 10\\\",\\\"realName\\\":\\\"采采芣苢\\\"}]},\\\"success\\\":true,\\\"timestamp\\\":1666707605002}\",\"title\":\"获取在线用户列表\",\"type\":3,\"url\":\"/dataView/onlineUser\",\"username\":\"mornd(gitee)\",\"visitDate\":1666707605000},{\"address\":\"内网IP\",\"browser\":\"Chrome 105\",\"executionTime\":43,\"ip\":\"127.0.0.1\",\"methodName\":\"com.mornd.system.controller.SysLogController.pageList\",\"os\":\"Windows 10\",\"params\":\"[{\\\"pageNo\\\":1,\\\"pageSize\\\":10,\\\"visitDateScope\\\":[]}]\",\"result\":\"{\\\"code\\\":200,\\\"data\\\"——内容过长，以下内容已经忽略...', 3, NULL, 'Chrome 105');
INSERT INTO `sys_log` VALUES ('获取在线用户列表', 'mornd(gitee)', 'com.mornd.system.controller.OnlineUserController.pageList', '2022-10-25 22:20:08', 15, '127.0.0.1', '/dataView/onlineUser', '内网IP', '[{\"pageNo\":1,\"pageSize\":10}]', 'Windows 10', '{\"code\":200,\"data\":{\"total\":1,\"data\":[{\"address\":\"内网IP\",\"browser\":\"Chrome 105\",\"duration\":52626,\"id\":\"7853024\",\"ip\":\"127.0.0.1\",\"loginName\":\"mornd\",\"loginTime\":1666707555080,\"os\":\"Windows 10\",\"realName\":\"采采芣苢\"}]},\"success\":true,\"timestamp\":1666707607706}', 3, NULL, 'Chrome 105');
INSERT INTO `sys_log` VALUES ('获取在线用户列表', 'mornd(gitee)', 'com.mornd.system.controller.OnlineUserController.pageList', '2022-10-25 22:20:08', 6, '127.0.0.1', '/dataView/onlineUser', '内网IP', '[{\"pageNo\":1,\"pageSize\":10}]', 'Windows 10', '{\"code\":200,\"data\":{\"total\":1,\"data\":[{\"address\":\"内网IP\",\"browser\":\"Chrome 105\",\"duration\":53309,\"id\":\"7853024\",\"ip\":\"127.0.0.1\",\"loginName\":\"mornd\",\"loginTime\":1666707555080,\"os\":\"Windows 10\",\"realName\":\"采采芣苢\"}]},\"success\":true,\"timestamp\":1666707608389}', 3, NULL, 'Chrome 105');
INSERT INTO `sys_log` VALUES ('查看操作日志', 'mornd(gitee)', 'com.mornd.system.controller.SysLogController.pageList', '2022-10-25 22:20:09', 24, '127.0.0.1', '/dataView/sysLog', '内网IP', '[{\"pageNo\":1,\"pageSize\":10,\"visitDateScope\":[]}]', 'Windows 10', '{\"code\":200,\"data\":{\"current\":1,\"hitCount\":false,\"optimizeCountSql\":true,\"orders\":[],\"pages\":7,\"records\":[{\"address\":\"内网IP\",\"browser\":\"Chrome 105\",\"executionTime\":15,\"ip\":\"127.0.0.1\",\"methodName\":\"com.mornd.system.controller.OnlineUserController.pageList\",\"os\":\"Windows 10\",\"params\":\"[{\\\"pageNo\\\":1,\\\"pageSize\\\":10}]\",\"result\":\"{\\\"code\\\":200,\\\"data\\\":{\\\"total\\\":1,\\\"data\\\":[{\\\"address\\\":\\\"内网IP\\\",\\\"browser\\\":\\\"Chrome 105\\\",\\\"duration\\\":52626,\\\"id\\\":\\\"7853024\\\",\\\"ip\\\":\\\"127.0.0.1\\\",\\\"loginName\\\":\\\"mornd\\\",\\\"loginTime\\\":1666707555080,\\\"os\\\":\\\"Windows 10\\\",\\\"realName\\\":\\\"采采芣苢\\\"}]},\\\"success\\\":true,\\\"timestamp\\\":1666707607706}\",\"title\":\"获取在线用户列表\",\"type\":3,\"url\":\"/dataView/onlineUser\",\"username\":\"mornd(gitee)\",\"visitDate\":1666707608000},{\"address\":\"内网IP\",\"browser\":\"Chrome 105\",\"executionTime\":6,\"ip\":\"127.0.0.1\",\"methodName\":\"com.mornd.system.controller.OnlineUserController.pageList\",\"os\":\"Windows 10\",\"params\":\"[{\\\"pageNo\\\":1,\\\"pageSize\\\":10}]\",\"result\":\"{\\\"code\\\":200,\\\"data\\\":{\\\"total\\\":1,\\\"dat——内容过长，以下内容已经忽略...', 3, NULL, 'Chrome 105');
INSERT INTO `sys_log` VALUES ('获取用户列表', 'mornd(gitee)', 'com.mornd.system.controller.UserController.pageList', '2022-10-25 22:20:10', 24, '127.0.0.1', '/dataView/sysUser', '内网IP', '[{\"pageNo\":1,\"pageSize\":10}]', 'Windows 10', '{\"code\":200,\"data\":{\"current\":1,\"hitCount\":false,\"optimizeCountSql\":true,\"orders\":[],\"pages\":2,\"records\":[{\"avatar\":\"/profile\\\\avatar\\\\258d4a8b-8c0b-4df6-89b3-057aa73d23f8.jpg\",\"birthday\":-6311289600000,\"email\":\"tom@163.com\",\"gender\":1,\"gmtCreate\":1628524800000,\"id\":\"1425004256210038785\",\"loginName\":\"tom\",\"phone\":\"18270917877\",\"realName\":\"小杨2\",\"status\":1},{\"avatar\":\"\",\"birthday\":897840000000,\"email\":\"\",\"gender\":0,\"gmtCreate\":1631548800000,\"id\":\"1\",\"loginName\":\"jack\",\"phone\":\"\",\"realName\":\" 小晨\",\"status\":1},{\"avatar\":\"http://r67xhbta9.hn-bkt.clouddn.com/20220127081625_1483764958705852417.jpg\",\"birthday\":1088092800000,\"email\":\"222@qq.com\",\"gender\":1,\"gmtCreate\":1642521600000,\"id\":\"1483764958705852417\",\"loginName\":\"www\",\"phone\":\"15825652541\",\"realName\":\"2222\",\"status\":1},{\"birthday\":1641225600000,\"gender\":0,\"gmtCreate\":1642608000000,\"id\":\"1484059335881662465\",\"loginName\":\"尊敬的弗拉基米尔伯爵二世\",\"realName\":\"尊敬的弗拉基米尔伯爵\",\"status\":1},{\"gender\":1,\"gmtCreate\":1643022342000,\"id\":\"1485569489789837313\",\"log——内容过长，以下内容已经忽略...', 3, NULL, 'Chrome 105');
INSERT INTO `sys_log` VALUES ('获取角色列表', 'mornd(gitee)', 'com.mornd.system.controller.RoleController.pageList', '2022-10-25 22:20:10', 20, '127.0.0.1', '/dataView/role', '内网IP', '[{\"pageNo\":1,\"pageSize\":10}]', 'Windows 10', '{\"code\":200,\"data\":{\"current\":1,\"hitCount\":false,\"optimizeCountSql\":true,\"orders\":[],\"pages\":2,\"records\":[{\"code\":\"super_admin\",\"delFlag\":1,\"enabled\":1,\"gmtCreate\":1641312000000,\"gmtModified\":1641862726000,\"id\":\"1425011630752735234\",\"modifiedBy\":\"1425004256210038785\",\"name\":\"超级管理员\",\"remark\":\"superAdmin！！！\",\"sort\":1},{\"code\":\"gitee\",\"createBy\":\"7853024\",\"delFlag\":1,\"enabled\":1,\"gmtCreate\":1666627200000,\"gmtModified\":1666706295000,\"id\":\"1584907057962328066\",\"modifiedBy\":\"7853024\",\"name\":\"gitee用户\",\"remark\":\"gitee用户访问默认角色\",\"sort\":1},{\"code\":\"admin\",\"createBy\":\"1425004256210038785\",\"delFlag\":1,\"enabled\":1,\"gmtCreate\":1641484800000,\"gmtModified\":1651515865000,\"id\":\"1479338174086205442\",\"modifiedBy\":\"1425004256210038785\",\"name\":\"管理员\",\"sort\":2},{\"code\":\"guest\",\"createBy\":\"1425004256210038785\",\"delFlag\":1,\"enabled\":1,\"gmtCreate\":1641225600000,\"gmtModified\":1642668973000,\"id\":\"1484006672313884673\",\"modifiedBy\":\"1425004256210038785\",\"name\":\"游客\",\"sort\":4},{\"code\":\"user\",\"delFlag\":1,\"enabled\":1,\"gm——内容过长，以下内容已经忽略...', 3, NULL, 'Chrome 105');
INSERT INTO `sys_log` VALUES ('获取菜单列表', 'mornd(gitee)', 'com.mornd.system.controller.PermissionController.tableTree', '2022-10-25 22:20:10', 16, '127.0.0.1', '/dataView/permission/tableTree', '内网IP', NULL, 'Windows 10', '{\"code\":200,\"data\":[{\"children\":[{\"children\":[{\"code\":\"system:user:add\",\"createBy\":\"1425004256210038785\",\"enabled\":1,\"gmtCreate\":1665918483000,\"hidden\":1,\"id\":\"1581602868477771778\",\"menuType\":2,\"parentId\":\"1425384255047946241\",\"requireAuth\":1,\"sort\":2.0,\"title\":\"新增用户\"},{\"code\":\"system:user:update\",\"createBy\":\"1425004256210038785\",\"enabled\":1,\"gmtCreate\":1665918506000,\"hidden\":1,\"id\":\"1581602962446958593\",\"menuType\":2,\"parentId\":\"1425384255047946241\",\"requireAuth\":1,\"sort\":3.0,\"title\":\"修改用户\"},{\"code\":\"system:user:delete\",\"createBy\":\"1425004256210038785\",\"enabled\":1,\"gmtCreate\":1665918527000,\"hidden\":1,\"id\":\"1581603052624494594\",\"menuType\":2,\"parentId\":\"1425384255047946241\",\"requireAuth\":1,\"sort\":4.0,\"title\":\"删除用户\"},{\"code\":\"system:user:changeStatus\",\"createBy\":\"1425004256210038785\",\"enabled\":1,\"gmtCreate\":1665923039000,\"hidden\":1,\"id\":\"1581621978532102146\",\"menuType\":2,\"parentId\":\"1425384255047946241\",\"requireAuth\":1,\"sort\":5.0,\"title\":\"用户状态修改\"}],\"code\":\"system:user\",\"component\":\"system——内容过长，以下内容已经忽略...', 3, NULL, 'Chrome 105');
INSERT INTO `sys_log` VALUES ('获取角色列表', 'mornd(gitee)', 'com.mornd.system.controller.RoleController.pageList', '2022-10-25 22:20:11', 28, '127.0.0.1', '/dataView/role', '内网IP', '[{\"pageNo\":1,\"pageSize\":10}]', 'Windows 10', '{\"code\":200,\"data\":{\"current\":1,\"hitCount\":false,\"optimizeCountSql\":true,\"orders\":[],\"pages\":2,\"records\":[{\"code\":\"super_admin\",\"delFlag\":1,\"enabled\":1,\"gmtCreate\":1641312000000,\"gmtModified\":1641862726000,\"id\":\"1425011630752735234\",\"modifiedBy\":\"1425004256210038785\",\"name\":\"超级管理员\",\"remark\":\"superAdmin！！！\",\"sort\":1},{\"code\":\"gitee\",\"createBy\":\"7853024\",\"delFlag\":1,\"enabled\":1,\"gmtCreate\":1666627200000,\"gmtModified\":1666706295000,\"id\":\"1584907057962328066\",\"modifiedBy\":\"7853024\",\"name\":\"gitee用户\",\"remark\":\"gitee用户访问默认角色\",\"sort\":1},{\"code\":\"admin\",\"createBy\":\"1425004256210038785\",\"delFlag\":1,\"enabled\":1,\"gmtCreate\":1641484800000,\"gmtModified\":1651515865000,\"id\":\"1479338174086205442\",\"modifiedBy\":\"1425004256210038785\",\"name\":\"管理员\",\"sort\":2},{\"code\":\"guest\",\"createBy\":\"1425004256210038785\",\"delFlag\":1,\"enabled\":1,\"gmtCreate\":1641225600000,\"gmtModified\":1642668973000,\"id\":\"1484006672313884673\",\"modifiedBy\":\"1425004256210038785\",\"name\":\"游客\",\"sort\":4},{\"code\":\"user\",\"delFlag\":1,\"enabled\":1,\"gm——内容过长，以下内容已经忽略...', 3, NULL, 'Chrome 105');
INSERT INTO `sys_log` VALUES ('获取用户列表', 'mornd(gitee)', 'com.mornd.system.controller.UserController.pageList', '2022-10-25 22:20:11', 18, '127.0.0.1', '/dataView/sysUser', '内网IP', '[{\"pageNo\":1,\"pageSize\":10}]', 'Windows 10', '{\"code\":200,\"data\":{\"current\":1,\"hitCount\":false,\"optimizeCountSql\":true,\"orders\":[],\"pages\":2,\"records\":[{\"avatar\":\"/profile\\\\avatar\\\\258d4a8b-8c0b-4df6-89b3-057aa73d23f8.jpg\",\"birthday\":-6311289600000,\"email\":\"tom@163.com\",\"gender\":1,\"gmtCreate\":1628524800000,\"id\":\"1425004256210038785\",\"loginName\":\"tom\",\"phone\":\"18270917877\",\"realName\":\"小杨2\",\"status\":1},{\"avatar\":\"\",\"birthday\":897840000000,\"email\":\"\",\"gender\":0,\"gmtCreate\":1631548800000,\"id\":\"1\",\"loginName\":\"jack\",\"phone\":\"\",\"realName\":\" 小晨\",\"status\":1},{\"avatar\":\"http://r67xhbta9.hn-bkt.clouddn.com/20220127081625_1483764958705852417.jpg\",\"birthday\":1088092800000,\"email\":\"222@qq.com\",\"gender\":1,\"gmtCreate\":1642521600000,\"id\":\"1483764958705852417\",\"loginName\":\"www\",\"phone\":\"15825652541\",\"realName\":\"2222\",\"status\":1},{\"birthday\":1641225600000,\"gender\":0,\"gmtCreate\":1642608000000,\"id\":\"1484059335881662465\",\"loginName\":\"尊敬的弗拉基米尔伯爵二世\",\"realName\":\"尊敬的弗拉基米尔伯爵\",\"status\":1},{\"gender\":1,\"gmtCreate\":1643022342000,\"id\":\"1485569489789837313\",\"log——内容过长，以下内容已经忽略...', 3, NULL, 'Chrome 105');
INSERT INTO `sys_log` VALUES ('获取角色列表', 'mornd(gitee)', 'com.mornd.system.controller.RoleController.pageList', '2022-10-25 22:20:12', 35, '127.0.0.1', '/dataView/role', '内网IP', '[{\"pageNo\":1,\"pageSize\":10}]', 'Windows 10', '{\"code\":200,\"data\":{\"current\":1,\"hitCount\":false,\"optimizeCountSql\":true,\"orders\":[],\"pages\":2,\"records\":[{\"code\":\"super_admin\",\"delFlag\":1,\"enabled\":1,\"gmtCreate\":1641312000000,\"gmtModified\":1641862726000,\"id\":\"1425011630752735234\",\"modifiedBy\":\"1425004256210038785\",\"name\":\"超级管理员\",\"remark\":\"superAdmin！！！\",\"sort\":1},{\"code\":\"gitee\",\"createBy\":\"7853024\",\"delFlag\":1,\"enabled\":1,\"gmtCreate\":1666627200000,\"gmtModified\":1666706295000,\"id\":\"1584907057962328066\",\"modifiedBy\":\"7853024\",\"name\":\"gitee用户\",\"remark\":\"gitee用户访问默认角色\",\"sort\":1},{\"code\":\"admin\",\"createBy\":\"1425004256210038785\",\"delFlag\":1,\"enabled\":1,\"gmtCreate\":1641484800000,\"gmtModified\":1651515865000,\"id\":\"1479338174086205442\",\"modifiedBy\":\"1425004256210038785\",\"name\":\"管理员\",\"sort\":2},{\"code\":\"guest\",\"createBy\":\"1425004256210038785\",\"delFlag\":1,\"enabled\":1,\"gmtCreate\":1641225600000,\"gmtModified\":1642668973000,\"id\":\"1484006672313884673\",\"modifiedBy\":\"1425004256210038785\",\"name\":\"游客\",\"sort\":4},{\"code\":\"user\",\"delFlag\":1,\"enabled\":1,\"gm——内容过长，以下内容已经忽略...', 3, NULL, 'Chrome 105');
INSERT INTO `sys_log` VALUES ('获取菜单列表', 'mornd(gitee)', 'com.mornd.system.controller.PermissionController.tableTree', '2022-10-25 22:20:13', 22, '127.0.0.1', '/dataView/permission/tableTree', '内网IP', NULL, 'Windows 10', '{\"code\":200,\"data\":[{\"children\":[{\"children\":[{\"code\":\"system:user:add\",\"createBy\":\"1425004256210038785\",\"enabled\":1,\"gmtCreate\":1665918483000,\"hidden\":1,\"id\":\"1581602868477771778\",\"menuType\":2,\"parentId\":\"1425384255047946241\",\"requireAuth\":1,\"sort\":2.0,\"title\":\"新增用户\"},{\"code\":\"system:user:update\",\"createBy\":\"1425004256210038785\",\"enabled\":1,\"gmtCreate\":1665918506000,\"hidden\":1,\"id\":\"1581602962446958593\",\"menuType\":2,\"parentId\":\"1425384255047946241\",\"requireAuth\":1,\"sort\":3.0,\"title\":\"修改用户\"},{\"code\":\"system:user:delete\",\"createBy\":\"1425004256210038785\",\"enabled\":1,\"gmtCreate\":1665918527000,\"hidden\":1,\"id\":\"1581603052624494594\",\"menuType\":2,\"parentId\":\"1425384255047946241\",\"requireAuth\":1,\"sort\":4.0,\"title\":\"删除用户\"},{\"code\":\"system:user:changeStatus\",\"createBy\":\"1425004256210038785\",\"enabled\":1,\"gmtCreate\":1665923039000,\"hidden\":1,\"id\":\"1581621978532102146\",\"menuType\":2,\"parentId\":\"1425384255047946241\",\"requireAuth\":1,\"sort\":5.0,\"title\":\"用户状态修改\"}],\"code\":\"system:user\",\"component\":\"system——内容过长，以下内容已经忽略...', 3, NULL, 'Chrome 105');
INSERT INTO `sys_log` VALUES ('获取角色列表', 'mornd(gitee)', 'com.mornd.system.controller.RoleController.pageList', '2022-10-25 22:20:14', 27, '127.0.0.1', '/dataView/role', '内网IP', '[{\"pageNo\":1,\"pageSize\":10}]', 'Windows 10', '{\"code\":200,\"data\":{\"current\":1,\"hitCount\":false,\"optimizeCountSql\":true,\"orders\":[],\"pages\":2,\"records\":[{\"code\":\"super_admin\",\"delFlag\":1,\"enabled\":1,\"gmtCreate\":1641312000000,\"gmtModified\":1641862726000,\"id\":\"1425011630752735234\",\"modifiedBy\":\"1425004256210038785\",\"name\":\"超级管理员\",\"remark\":\"superAdmin！！！\",\"sort\":1},{\"code\":\"gitee\",\"createBy\":\"7853024\",\"delFlag\":1,\"enabled\":1,\"gmtCreate\":1666627200000,\"gmtModified\":1666706295000,\"id\":\"1584907057962328066\",\"modifiedBy\":\"7853024\",\"name\":\"gitee用户\",\"remark\":\"gitee用户访问默认角色\",\"sort\":1},{\"code\":\"admin\",\"createBy\":\"1425004256210038785\",\"delFlag\":1,\"enabled\":1,\"gmtCreate\":1641484800000,\"gmtModified\":1651515865000,\"id\":\"1479338174086205442\",\"modifiedBy\":\"1425004256210038785\",\"name\":\"管理员\",\"sort\":2},{\"code\":\"guest\",\"createBy\":\"1425004256210038785\",\"delFlag\":1,\"enabled\":1,\"gmtCreate\":1641225600000,\"gmtModified\":1642668973000,\"id\":\"1484006672313884673\",\"modifiedBy\":\"1425004256210038785\",\"name\":\"游客\",\"sort\":4},{\"code\":\"user\",\"delFlag\":1,\"enabled\":1,\"gm——内容过长，以下内容已经忽略...', 3, NULL, 'Chrome 105');
INSERT INTO `sys_log` VALUES ('获取用户列表', 'mornd(gitee)', 'com.mornd.system.controller.UserController.pageList', '2022-10-25 22:20:14', 24, '127.0.0.1', '/dataView/sysUser', '内网IP', '[{\"pageNo\":1,\"pageSize\":10}]', 'Windows 10', '{\"code\":200,\"data\":{\"current\":1,\"hitCount\":false,\"optimizeCountSql\":true,\"orders\":[],\"pages\":2,\"records\":[{\"avatar\":\"/profile\\\\avatar\\\\258d4a8b-8c0b-4df6-89b3-057aa73d23f8.jpg\",\"birthday\":-6311289600000,\"email\":\"tom@163.com\",\"gender\":1,\"gmtCreate\":1628524800000,\"id\":\"1425004256210038785\",\"loginName\":\"tom\",\"phone\":\"18270917877\",\"realName\":\"小杨2\",\"status\":1},{\"avatar\":\"\",\"birthday\":897840000000,\"email\":\"\",\"gender\":0,\"gmtCreate\":1631548800000,\"id\":\"1\",\"loginName\":\"jack\",\"phone\":\"\",\"realName\":\" 小晨\",\"status\":1},{\"avatar\":\"http://r67xhbta9.hn-bkt.clouddn.com/20220127081625_1483764958705852417.jpg\",\"birthday\":1088092800000,\"email\":\"222@qq.com\",\"gender\":1,\"gmtCreate\":1642521600000,\"id\":\"1483764958705852417\",\"loginName\":\"www\",\"phone\":\"15825652541\",\"realName\":\"2222\",\"status\":1},{\"birthday\":1641225600000,\"gender\":0,\"gmtCreate\":1642608000000,\"id\":\"1484059335881662465\",\"loginName\":\"尊敬的弗拉基米尔伯爵二世\",\"realName\":\"尊敬的弗拉基米尔伯爵\",\"status\":1},{\"gender\":1,\"gmtCreate\":1643022342000,\"id\":\"1485569489789837313\",\"log——内容过长，以下内容已经忽略...', 3, NULL, 'Chrome 105');
INSERT INTO `sys_log` VALUES ('获取角色列表', 'mornd(gitee)', 'com.mornd.system.controller.RoleController.pageList', '2022-10-25 22:28:11', 807, '127.0.0.1', '/dataView/role', '内网IP', '[{\"pageNo\":1,\"pageSize\":10}]', 'Windows 10', '{\"code\":200,\"data\":{\"current\":1,\"hitCount\":false,\"optimizeCountSql\":true,\"orders\":[],\"pages\":2,\"records\":[{\"code\":\"super_admin\",\"delFlag\":1,\"enabled\":1,\"gmtCreate\":1641312000000,\"gmtModified\":1641862726000,\"id\":\"1425011630752735234\",\"modifiedBy\":\"1425004256210038785\",\"name\":\"超级管理员\",\"remark\":\"superAdmin！！！\",\"sort\":1},{\"code\":\"gitee\",\"createBy\":\"7853024\",\"delFlag\":1,\"enabled\":1,\"gmtCreate\":1666627200000,\"gmtModified\":1666706295000,\"id\":\"1584907057962328066\",\"modifiedBy\":\"7853024\",\"name\":\"gitee用户\",\"remark\":\"gitee用户访问默认角色\",\"sort\":1},{\"code\":\"admin\",\"createBy\":\"1425004256210038785\",\"delFlag\":1,\"enabled\":1,\"gmtCreate\":1641484800000,\"gmtModified\":1651515865000,\"id\":\"1479338174086205442\",\"modifiedBy\":\"1425004256210038785\",\"name\":\"管理员\",\"sort\":2},{\"code\":\"guest\",\"createBy\":\"1425004256210038785\",\"delFlag\":1,\"enabled\":1,\"gmtCreate\":1641225600000,\"gmtModified\":1642668973000,\"id\":\"1484006672313884673\",\"modifiedBy\":\"1425004256210038785\",\"name\":\"游客\",\"sort\":4},{\"code\":\"user\",\"delFlag\":1,\"enabled\":1,\"gm——内容过长，以下内容已经忽略...', 3, NULL, 'Chrome 105');
INSERT INTO `sys_log` VALUES ('用户注销', 'mornd(gitee)', 'com.mornd.system.controller.AuthController.userLogout', '2022-10-25 22:28:38', 446, '127.0.0.1', '/dataView/userLogout', '内网IP', '[\"SecurityContextHolderAwareRequestWrapper[ org.springframework.security.web.header.HeaderWriterFilter$HeaderWriterRequest@1522944b]\"]', 'Windows 10', '{\"code\":200,\"message\":\"退出成功\",\"success\":true,\"timestamp\":1666708118258}', 2, NULL, 'Chrome 105');
INSERT INTO `sys_log` VALUES ('用户登录', 'tom', 'com.mornd.system.controller.AuthController.userLogin', '2022-10-25 22:43:46', 6766, '127.0.0.1', '/dataView/userLogin', '内网IP', '[{\"code\":\"5\",\"desEncrypt\":true,\"password\":\"uKLwzVAmjaFJOBUFDhVrYw==\",\"remember\":false,\"username\":\"tom\",\"uuid\":\"3c72e919b9904db581b49c3c084f38e2\"}]', 'Windows 10', '{\"code\":200,\"data\":{\"tokenHead\":\"Bearer \",\"token\":\"eyJhbGciOiJIUzUxMiJ9.eyJqdGkiOiJkZWE0OGIyZS1lZWQzLTQzMzUtOTUyOS1mMWYxMmMwZWMyNWUiLCJzdWIiOiJ0b20iLCJpc3MiOiJtb3JuZCIsImlhdCI6MTY2NjcwOTAyMX0.A_5KUobfMwvtTHbMafLfQE75T990npeeLssv4r4eRNeoQhDpEYTHqs08WcF48gmP2CIInc0V-GUjjyoUh3JV_g\"},\"message\":\"登录成功\",\"success\":true,\"timestamp\":1666709025490}', 1, NULL, 'Chrome 105');
INSERT INTO `sys_log` VALUES ('获取当前登录用户信息', 'tom', 'com.mornd.system.controller.UserController.getUserInfo', '2022-10-25 22:44:05', 40, '127.0.0.1', '/dataView/sysUser/getLoginUser', '内网IP', NULL, 'Windows 10', '{\"code\":200,\"data\":{\"avatar\":\"/profile\\\\avatar\\\\258d4a8b-8c0b-4df6-89b3-057aa73d23f8.jpg\",\"birthday\":-6311289600000,\"delFlag\":1,\"email\":\"tom@163.com\",\"gender\":1,\"gmtCreate\":1628524800000,\"gmtModified\":1666454400000,\"id\":\"1425004256210038785\",\"loginName\":\"tom\",\"modifiedBy\":\"1425004256210038785\",\"permissions\":[{\"code\":\"system\",\"enabled\":1,\"icon\":\"fa fa-gear\",\"id\":\"1425381271220101122\",\"menuType\":0,\"parentId\":\"0\",\"path\":\"\",\"sort\":3.0,\"title\":\"系统管理\"},{\"code\":\"system:menu\",\"component\":\"system/permission/PermissionList\",\"enabled\":1,\"icon\":\"fa fa-bars\",\"id\":\"1425384413584252930\",\"keepAlive\":1,\"menuType\":1,\"parentId\":\"1425381271220101122\",\"path\":\"/system/permission\",\"sort\":3.0,\"title\":\"菜单管理\"},{\"code\":\"duridMonitoring\",\"component\":\"monitor/druid/index\",\"enabled\":1,\"icon\":\"fa fa-database\",\"id\":\"1463297492196085761\",\"keepAlive\":1,\"menuType\":1,\"parentId\":\"1461990613021151233\",\"path\":\"monitor/druid\",\"sort\":3.0,\"title\":\"driud监控\"},{\"code\":\"system:menu:update\",\"enabled\":1,\"id\":\"1581601424831889410\",\"m——内容过长，以下内容已经忽略...', 3, NULL, 'Chrome 105');
INSERT INTO `sys_log` VALUES ('获取左侧菜单树', 'tom', 'com.mornd.system.controller.PermissionController.getLeftTree', '2022-10-25 22:44:19', 2981, '127.0.0.1', '/dataView/permission/leftTree', '内网IP', NULL, 'Windows 10', '{\"code\":200,\"data\":[{\"children\":[{\"code\":\"system:user\",\"component\":\"system/user/UserList\",\"enabled\":1,\"icon\":\"fa fa-user\",\"id\":\"1425384255047946241\",\"keepAlive\":1,\"menuType\":1,\"parentId\":\"1425381271220101122\",\"path\":\"/system/user\",\"sort\":1.0,\"title\":\"用户管理\"},{\"code\":\"system:role\",\"component\":\"system/role/RoleList\",\"enabled\":1,\"icon\":\"fa fa-user-secret\",\"id\":\"1425384412992856065\",\"keepAlive\":1,\"menuType\":1,\"parentId\":\"1425381271220101122\",\"path\":\"/system/role\",\"sort\":2.0,\"title\":\"角色管理\"},{\"code\":\"system:menu\",\"component\":\"system/permission/PermissionList\",\"enabled\":1,\"icon\":\"fa fa-bars\",\"id\":\"1425384413584252930\",\"keepAlive\":1,\"menuType\":1,\"parentId\":\"1425381271220101122\",\"path\":\"/system/permission\",\"sort\":3.0,\"title\":\"菜单管理\"}],\"code\":\"system\",\"enabled\":1,\"icon\":\"fa fa-gear\",\"id\":\"1425381271220101122\",\"menuType\":0,\"parentId\":\"0\",\"path\":\"\",\"sort\":3.0,\"title\":\"系统管理\"},{\"children\":[{\"code\":\"systemMonitor:sysLog\",\"component\":\"monitor/log/LogList\",\"enabled\":1,\"icon\":\"fa fa-camera\",\"id\":\"14869844——内容过长，以下内容已经忽略...', 3, NULL, 'Chrome 105');
INSERT INTO `sys_log` VALUES ('用户注销', 'tom', 'com.mornd.system.controller.AuthController.userLogout', '2022-10-25 22:44:40', 27, '127.0.0.1', '/dataView/userLogout', '内网IP', '[\"SecurityContextHolderAwareRequestWrapper[ org.springframework.security.web.header.HeaderWriterFilter$HeaderWriterRequest@54d2a2d6]\"]', 'Windows 10', '{\"code\":200,\"message\":\"退出成功\",\"success\":true,\"timestamp\":1666709080273}', 2, NULL, 'Chrome 105');
INSERT INTO `sys_log` VALUES ('用户登录', 'tom', 'com.mornd.system.controller.AuthController.userLogin', '2022-10-25 23:47:07', 5988, '127.0.0.1', '/dataView/userLogin', '内网IP', '[{\"code\":\"10\",\"desEncrypt\":true,\"password\":\"uKLwzVAmjaFJOBUFDhVrYw==\",\"remember\":false,\"username\":\"tom\",\"uuid\":\"7b8e502155de4f36aef9141899185d07\"}]', 'Windows 10', '{\"code\":200,\"data\":{\"tokenHead\":\"Bearer \",\"token\":\"eyJhbGciOiJIUzUxMiJ9.eyJqdGkiOiIwZTEwZjQxYS1mNjIzLTQ3NzYtODczNC0xZGI3YWVlYTkwZGEiLCJzdWIiOiJ0b20iLCJpc3MiOiJtb3JuZCIsImlhdCI6MTY2NjcxMjgyMn0.CfLiuUkvlHdo74KfCNqxUReT6YVMuydVigZph3Q_95wJNU30U4FUnEpT6SCQeuf7MnM5KL-yn8hstC6cL_St-Q\"},\"message\":\"登录成功\",\"success\":true,\"timestamp\":1666712827193}', 1, NULL, 'Chrome 105');
INSERT INTO `sys_log` VALUES ('获取当前登录用户信息', 'tom', 'com.mornd.system.controller.UserController.getUserInfo', '2022-10-25 23:47:23', 65, '127.0.0.1', '/dataView/sysUser/getLoginUser', '内网IP', NULL, 'Windows 10', '{\"code\":200,\"data\":{\"avatar\":\"/profile\\\\avatar\\\\258d4a8b-8c0b-4df6-89b3-057aa73d23f8.jpg\",\"birthday\":-6311289600000,\"delFlag\":1,\"email\":\"tom@163.com\",\"gender\":1,\"gmtCreate\":1628524800000,\"gmtModified\":1666454400000,\"id\":\"1425004256210038785\",\"loginName\":\"tom\",\"modifiedBy\":\"1425004256210038785\",\"permissions\":[{\"code\":\"system\",\"enabled\":1,\"icon\":\"fa fa-gear\",\"id\":\"1425381271220101122\",\"menuType\":0,\"parentId\":\"0\",\"path\":\"\",\"sort\":3.0,\"title\":\"系统管理\"},{\"code\":\"system:menu\",\"component\":\"system/permission/PermissionList\",\"enabled\":1,\"icon\":\"fa fa-bars\",\"id\":\"1425384413584252930\",\"keepAlive\":1,\"menuType\":1,\"parentId\":\"1425381271220101122\",\"path\":\"/system/permission\",\"sort\":3.0,\"title\":\"菜单管理\"},{\"code\":\"duridMonitoring\",\"component\":\"monitor/druid/index\",\"enabled\":1,\"icon\":\"fa fa-database\",\"id\":\"1463297492196085761\",\"keepAlive\":1,\"menuType\":1,\"parentId\":\"1461990613021151233\",\"path\":\"monitor/druid\",\"sort\":3.0,\"title\":\"driud监控\"},{\"code\":\"system:menu:update\",\"enabled\":1,\"id\":\"1581601424831889410\",\"m——内容过长，以下内容已经忽略...', 3, NULL, 'Chrome 105');
INSERT INTO `sys_log` VALUES ('获取左侧菜单树', 'tom', 'com.mornd.system.controller.PermissionController.getLeftTree', '2022-10-25 23:47:33', 5787, '127.0.0.1', '/dataView/permission/leftTree', '内网IP', NULL, 'Windows 10', '{\"code\":200,\"data\":[{\"children\":[{\"code\":\"system:user\",\"component\":\"system/user/UserList\",\"enabled\":1,\"icon\":\"fa fa-user\",\"id\":\"1425384255047946241\",\"keepAlive\":1,\"menuType\":1,\"parentId\":\"1425381271220101122\",\"path\":\"/system/user\",\"sort\":1.0,\"title\":\"用户管理\"},{\"code\":\"system:role\",\"component\":\"system/role/RoleList\",\"enabled\":1,\"icon\":\"fa fa-user-secret\",\"id\":\"1425384412992856065\",\"keepAlive\":1,\"menuType\":1,\"parentId\":\"1425381271220101122\",\"path\":\"/system/role\",\"sort\":2.0,\"title\":\"角色管理\"},{\"code\":\"system:menu\",\"component\":\"system/permission/PermissionList\",\"enabled\":1,\"icon\":\"fa fa-bars\",\"id\":\"1425384413584252930\",\"keepAlive\":1,\"menuType\":1,\"parentId\":\"1425381271220101122\",\"path\":\"/system/permission\",\"sort\":3.0,\"title\":\"菜单管理\"}],\"code\":\"system\",\"enabled\":1,\"icon\":\"fa fa-gear\",\"id\":\"1425381271220101122\",\"menuType\":0,\"parentId\":\"0\",\"path\":\"\",\"sort\":3.0,\"title\":\"系统管理\"},{\"children\":[{\"code\":\"systemMonitor:sysLog\",\"component\":\"monitor/log/LogList\",\"enabled\":1,\"icon\":\"fa fa-camera\",\"id\":\"14869844——内容过长，以下内容已经忽略...', 3, NULL, 'Chrome 105');
INSERT INTO `sys_log` VALUES ('获取用户列表', 'tom', 'com.mornd.system.controller.UserController.pageList', '2022-10-25 23:47:39', 598, '127.0.0.1', '/dataView/sysUser', '内网IP', '[{\"pageNo\":1,\"pageSize\":10}]', 'Windows 10', '{\"code\":200,\"data\":{\"current\":1,\"hitCount\":false,\"optimizeCountSql\":true,\"orders\":[],\"pages\":2,\"records\":[{\"avatar\":\"/profile\\\\avatar\\\\258d4a8b-8c0b-4df6-89b3-057aa73d23f8.jpg\",\"birthday\":-6311289600000,\"email\":\"tom@163.com\",\"gender\":1,\"gmtCreate\":1628524800000,\"id\":\"1425004256210038785\",\"loginName\":\"tom\",\"phone\":\"18270917877\",\"realName\":\"小杨2\",\"status\":1},{\"avatar\":\"\",\"birthday\":897840000000,\"email\":\"\",\"gender\":0,\"gmtCreate\":1631548800000,\"id\":\"1\",\"loginName\":\"jack\",\"phone\":\"\",\"realName\":\" 小晨\",\"status\":1},{\"avatar\":\"http://r67xhbta9.hn-bkt.clouddn.com/20220127081625_1483764958705852417.jpg\",\"birthday\":1088092800000,\"email\":\"222@qq.com\",\"gender\":1,\"gmtCreate\":1642521600000,\"id\":\"1483764958705852417\",\"loginName\":\"www\",\"phone\":\"15825652541\",\"realName\":\"2222\",\"status\":1},{\"birthday\":1641225600000,\"gender\":0,\"gmtCreate\":1642608000000,\"id\":\"1484059335881662465\",\"loginName\":\"尊敬的弗拉基米尔伯爵二世\",\"realName\":\"尊敬的弗拉基米尔伯爵\",\"status\":1},{\"gender\":1,\"gmtCreate\":1643022342000,\"id\":\"1485569489789837313\",\"log——内容过长，以下内容已经忽略...', 3, NULL, 'Chrome 105');
INSERT INTO `sys_log` VALUES ('获取角色列表', 'tom', 'com.mornd.system.controller.RoleController.pageList', '2022-10-25 23:47:41', 90, '127.0.0.1', '/dataView/role', '内网IP', '[{\"pageNo\":1,\"pageSize\":10}]', 'Windows 10', '{\"code\":200,\"data\":{\"current\":1,\"hitCount\":false,\"optimizeCountSql\":true,\"orders\":[],\"pages\":2,\"records\":[{\"code\":\"super_admin\",\"delFlag\":1,\"enabled\":1,\"gmtCreate\":1641312000000,\"gmtModified\":1641862726000,\"id\":\"1425011630752735234\",\"modifiedBy\":\"1425004256210038785\",\"name\":\"超级管理员\",\"remark\":\"superAdmin！！！\",\"sort\":1},{\"code\":\"gitee\",\"createBy\":\"7853024\",\"delFlag\":1,\"enabled\":1,\"gmtCreate\":1666627200000,\"gmtModified\":1666706295000,\"id\":\"1584907057962328066\",\"modifiedBy\":\"7853024\",\"name\":\"gitee用户\",\"remark\":\"gitee用户访问默认角色\",\"sort\":1},{\"code\":\"admin\",\"createBy\":\"1425004256210038785\",\"delFlag\":1,\"enabled\":1,\"gmtCreate\":1641484800000,\"gmtModified\":1651515865000,\"id\":\"1479338174086205442\",\"modifiedBy\":\"1425004256210038785\",\"name\":\"管理员\",\"sort\":2},{\"code\":\"guest\",\"createBy\":\"1425004256210038785\",\"delFlag\":1,\"enabled\":1,\"gmtCreate\":1641225600000,\"gmtModified\":1642668973000,\"id\":\"1484006672313884673\",\"modifiedBy\":\"1425004256210038785\",\"name\":\"游客\",\"sort\":4},{\"code\":\"user\",\"delFlag\":1,\"enabled\":1,\"gm——内容过长，以下内容已经忽略...', 3, NULL, 'Chrome 105');
INSERT INTO `sys_log` VALUES ('用户注销', 'tom', 'com.mornd.system.controller.AuthController.userLogout', '2022-10-25 23:48:33', 405, '127.0.0.1', '/dataView/userLogout', '内网IP', '[\"SecurityContextHolderAwareRequestWrapper[ org.springframework.security.web.header.HeaderWriterFilter$HeaderWriterRequest@25f7f4ef]\"]', 'Windows 10', '{\"code\":200,\"message\":\"退出成功\",\"success\":true,\"timestamp\":1666712908328}', 2, NULL, 'Chrome 105');
INSERT INTO `sys_log` VALUES ('获取当前登录用户信息', 'mornd(gitee)', 'com.mornd.system.controller.UserController.getUserInfo', '2022-10-26 00:17:59', 34, '127.0.0.1', '/dataView/sysUser/getLoginUser', '内网IP', NULL, 'Windows 10', '{\"code\":200,\"data\":{\"avatar\":\"https://portrait.gitee.com/uploads/avatars/user/2617/7853024_mornd_1608529482.png\",\"id\":\"7853024\",\"loginName\":\"mornd\",\"permissions\":[{\"code\":\"system:user:update\",\"createBy\":\"1425004256210038785\",\"enabled\":1,\"gmtCreate\":1665878400000,\"hidden\":1,\"id\":\"1581602962446958593\",\"menuType\":2,\"parentId\":\"1425384255047946241\",\"requireAuth\":1,\"sort\":3.0,\"title\":\"修改用户\"},{\"code\":\"systemMonitor\",\"createBy\":\"1425004256210038785\",\"enabled\":1,\"gmtCreate\":1637366400000,\"gmtModified\":1665878400000,\"hidden\":1,\"icon\":\"fa fa-tv\",\"id\":\"1461990613021151233\",\"keepAlive\":1,\"menuType\":0,\"modifiedBy\":\"1425004256210038785\",\"parentId\":\"0\",\"path\":\"\",\"requireAuth\":1,\"sort\":100.0,\"title\":\"系统监控\"},{\"code\":\"system:user:delete\",\"createBy\":\"1425004256210038785\",\"enabled\":1,\"gmtCreate\":1665878400000,\"hidden\":1,\"id\":\"1581603052624494594\",\"menuType\":2,\"parentId\":\"1425384255047946241\",\"requireAuth\":1,\"sort\":4.0,\"title\":\"删除用户\"},{\"code\":\"system:menu:delete\",\"createBy\":\"1425004256210038785\",\"enabled\":——内容过长，以下内容已经忽略...', 3, NULL, 'Chrome 105');
INSERT INTO `sys_log` VALUES ('获取左侧菜单树', 'mornd(gitee)', 'com.mornd.system.controller.PermissionController.getLeftTree', '2022-10-26 00:18:07', 69, '127.0.0.1', '/dataView/permission/leftTree', '内网IP', NULL, 'Windows 10', '{\"code\":200,\"data\":[{\"children\":[{\"code\":\"system:user\",\"component\":\"system/user/UserList\",\"enabled\":1,\"icon\":\"fa fa-user\",\"id\":\"1425384255047946241\",\"keepAlive\":1,\"menuType\":1,\"parentId\":\"1425381271220101122\",\"path\":\"/system/user\",\"sort\":1.0,\"title\":\"用户管理\"},{\"code\":\"system:role\",\"component\":\"system/role/RoleList\",\"enabled\":1,\"icon\":\"fa fa-user-secret\",\"id\":\"1425384412992856065\",\"keepAlive\":1,\"menuType\":1,\"parentId\":\"1425381271220101122\",\"path\":\"/system/role\",\"sort\":2.0,\"title\":\"角色管理\"},{\"code\":\"system:menu\",\"component\":\"system/permission/PermissionList\",\"enabled\":1,\"icon\":\"fa fa-bars\",\"id\":\"1425384413584252930\",\"keepAlive\":1,\"menuType\":1,\"parentId\":\"1425381271220101122\",\"path\":\"/system/permission\",\"sort\":3.0,\"title\":\"菜单管理\"}],\"code\":\"system\",\"enabled\":1,\"icon\":\"fa fa-gear\",\"id\":\"1425381271220101122\",\"menuType\":0,\"parentId\":\"0\",\"path\":\"\",\"sort\":3.0,\"title\":\"系统管理\"},{\"children\":[{\"code\":\"systemMonitor:sysLog\",\"component\":\"monitor/log/LogList\",\"enabled\":1,\"icon\":\"fa fa-camera\",\"id\":\"14869844——内容过长，以下内容已经忽略...', 3, NULL, 'Chrome 105');
INSERT INTO `sys_log` VALUES ('查看操作日志', 'mornd(gitee)', 'com.mornd.system.controller.SysLogController.pageList', '2022-10-26 00:18:21', 119, '127.0.0.1', '/dataView/sysLog', '内网IP', '[{\"pageNo\":1,\"pageSize\":10,\"visitDateScope\":[]}]', 'Windows 10', '{\"code\":200,\"data\":{\"current\":1,\"hitCount\":false,\"optimizeCountSql\":true,\"orders\":[],\"pages\":10,\"records\":[{\"address\":\"内网IP\",\"browser\":\"Chrome 105\",\"executionTime\":69,\"ip\":\"127.0.0.1\",\"methodName\":\"com.mornd.system.controller.PermissionController.getLeftTree\",\"os\":\"Windows 10\",\"result\":\"{\\\"code\\\":200,\\\"data\\\":[{\\\"children\\\":[{\\\"code\\\":\\\"system:user\\\",\\\"component\\\":\\\"system/user/UserList\\\",\\\"enabled\\\":1,\\\"icon\\\":\\\"fa fa-user\\\",\\\"id\\\":\\\"1425384255047946241\\\",\\\"keepAlive\\\":1,\\\"menuType\\\":1,\\\"parentId\\\":\\\"1425381271220101122\\\",\\\"path\\\":\\\"/system/user\\\",\\\"sort\\\":1.0,\\\"title\\\":\\\"用户管理\\\"},{\\\"code\\\":\\\"system:role\\\",\\\"component\\\":\\\"system/role/RoleList\\\",\\\"enabled\\\":1,\\\"icon\\\":\\\"fa fa-user-secret\\\",\\\"id\\\":\\\"1425384412992856065\\\",\\\"keepAlive\\\":1,\\\"menuType\\\":1,\\\"parentId\\\":\\\"1425381271220101122\\\",\\\"path\\\":\\\"/system/role\\\",\\\"sort\\\":2.0,\\\"title\\\":\\\"角色管理\\\"},{\\\"code\\\":\\\"system:menu\\\",\\\"component\\\":\\\"system/permission/PermissionList\\\",\\\"enabled\\\":1,\\\"icon\\\":\\\"fa fa-bars\\\",\\\"id\\\":\\\"1425384413584252930\\——内容过长，以下内容已经忽略...', 3, NULL, 'Chrome 105');
INSERT INTO `sys_log` VALUES ('查看操作日志', 'mornd(gitee)', 'com.mornd.system.controller.SysLogController.pageList', '2022-10-26 00:18:50', 157, '127.0.0.1', '/dataView/sysLog', '内网IP', '[{\"pageNo\":1,\"pageSize\":10,\"visitDateScope\":[]}]', 'Windows 10', '{\"code\":200,\"data\":{\"current\":1,\"hitCount\":false,\"optimizeCountSql\":true,\"orders\":[],\"pages\":10,\"records\":[{\"address\":\"内网IP\",\"browser\":\"Chrome 105\",\"executionTime\":119,\"ip\":\"127.0.0.1\",\"methodName\":\"com.mornd.system.controller.SysLogController.pageList\",\"os\":\"Windows 10\",\"params\":\"[{\\\"pageNo\\\":1,\\\"pageSize\\\":10,\\\"visitDateScope\\\":[]}]\",\"result\":\"{\\\"code\\\":200,\\\"data\\\":{\\\"current\\\":1,\\\"hitCount\\\":false,\\\"optimizeCountSql\\\":true,\\\"orders\\\":[],\\\"pages\\\":10,\\\"records\\\":[{\\\"address\\\":\\\"内网IP\\\",\\\"browser\\\":\\\"Chrome 105\\\",\\\"executionTime\\\":69,\\\"ip\\\":\\\"127.0.0.1\\\",\\\"methodName\\\":\\\"com.mornd.system.controller.PermissionController.getLeftTree\\\",\\\"os\\\":\\\"Windows 10\\\",\\\"result\\\":\\\"{\\\\\\\"code\\\\\\\":200,\\\\\\\"data\\\\\\\":[{\\\\\\\"children\\\\\\\":[{\\\\\\\"code\\\\\\\":\\\\\\\"system:user\\\\\\\",\\\\\\\"component\\\\\\\":\\\\\\\"system/user/UserList\\\\\\\",\\\\\\\"enabled\\\\\\\":1,\\\\\\\"icon\\\\\\\":\\\\\\\"fa fa-user\\\\\\\",\\\\\\\"id\\\\\\\":\\\\\\\"1425384255047946241\\\\\\\",\\\\\\\"keepAlive\\\\\\\":1,\\\\\\\"menuType\\\\\\\":1,\\\\\\\"parentId\\\\\\\":\\\\\\\"1425381271220101122\\\\\\\",\\\\\\\"path\\\\\\\":\\\\\\\"/——内容过长，以下内容已经忽略...', 3, NULL, 'Chrome 105');
INSERT INTO `sys_log` VALUES ('查看操作日志', 'mornd(gitee)', 'com.mornd.system.controller.SysLogController.pageList', '2022-10-26 00:18:59', 22, '127.0.0.1', '/dataView/sysLog', '内网IP', '[{\"pageNo\":1,\"pageSize\":10,\"visitDateScope\":[]}]', 'Windows 10', '{\"code\":200,\"data\":{\"current\":1,\"hitCount\":false,\"optimizeCountSql\":true,\"orders\":[],\"pages\":10,\"records\":[{\"address\":\"内网IP\",\"browser\":\"Chrome 105\",\"executionTime\":157,\"ip\":\"127.0.0.1\",\"methodName\":\"com.mornd.system.controller.SysLogController.pageList\",\"os\":\"Windows 10\",\"params\":\"[{\\\"pageNo\\\":1,\\\"pageSize\\\":10,\\\"visitDateScope\\\":[]}]\",\"result\":\"{\\\"code\\\":200,\\\"data\\\":{\\\"current\\\":1,\\\"hitCount\\\":false,\\\"optimizeCountSql\\\":true,\\\"orders\\\":[],\\\"pages\\\":10,\\\"records\\\":[{\\\"address\\\":\\\"内网IP\\\",\\\"browser\\\":\\\"Chrome 105\\\",\\\"executionTime\\\":119,\\\"ip\\\":\\\"127.0.0.1\\\",\\\"methodName\\\":\\\"com.mornd.system.controller.SysLogController.pageList\\\",\\\"os\\\":\\\"Windows 10\\\",\\\"params\\\":\\\"[{\\\\\\\"pageNo\\\\\\\":1,\\\\\\\"pageSize\\\\\\\":10,\\\\\\\"visitDateScope\\\\\\\":[]}]\\\",\\\"result\\\":\\\"{\\\\\\\"code\\\\\\\":200,\\\\\\\"data\\\\\\\":{\\\\\\\"current\\\\\\\":1,\\\\\\\"hitCount\\\\\\\":false,\\\\\\\"optimizeCountSql\\\\\\\":true,\\\\\\\"orders\\\\\\\":[],\\\\\\\"pages\\\\\\\":10,\\\\\\\"records\\\\\\\":[{\\\\\\\"address\\\\\\\":\\\\\\\"内网IP\\\\\\\",\\\\\\\"browser\\\\\\\":\\\\\\\"Chrome 105\\\\\\\",\\\\\\\"executionTime\\\\\\\":69,\\\\——内容过长，以下内容已经忽略...', 3, NULL, 'Chrome 105');
INSERT INTO `sys_log` VALUES ('查看操作日志', 'mornd(gitee)', 'com.mornd.system.controller.SysLogController.pageList', '2022-10-26 00:22:27', 1021, '127.0.0.1', '/dataView/sysLog', '内网IP', '[{\"pageNo\":1,\"pageSize\":10,\"visitDateScope\":[]}]', 'Windows 10', '{\"code\":200,\"data\":{\"current\":1,\"hitCount\":false,\"optimizeCountSql\":true,\"orders\":[],\"pages\":10,\"records\":[{\"address\":\"内网IP\",\"browser\":\"Chrome 105\",\"executionTime\":22,\"ip\":\"127.0.0.1\",\"methodName\":\"com.mornd.system.controller.SysLogController.pageList\",\"os\":\"Windows 10\",\"params\":\"[{\\\"pageNo\\\":1,\\\"pageSize\\\":10,\\\"visitDateScope\\\":[]}]\",\"result\":\"{\\\"code\\\":200,\\\"data\\\":{\\\"current\\\":1,\\\"hitCount\\\":false,\\\"optimizeCountSql\\\":true,\\\"orders\\\":[],\\\"pages\\\":10,\\\"records\\\":[{\\\"address\\\":\\\"内网IP\\\",\\\"browser\\\":\\\"Chrome 105\\\",\\\"executionTime\\\":157,\\\"ip\\\":\\\"127.0.0.1\\\",\\\"methodName\\\":\\\"com.mornd.system.controller.SysLogController.pageList\\\",\\\"os\\\":\\\"Windows 10\\\",\\\"params\\\":\\\"[{\\\\\\\"pageNo\\\\\\\":1,\\\\\\\"pageSize\\\\\\\":10,\\\\\\\"visitDateScope\\\\\\\":[]}]\\\",\\\"result\\\":\\\"{\\\\\\\"code\\\\\\\":200,\\\\\\\"data\\\\\\\":{\\\\\\\"current\\\\\\\":1,\\\\\\\"hitCount\\\\\\\":false,\\\\\\\"optimizeCountSql\\\\\\\":true,\\\\\\\"orders\\\\\\\":[],\\\\\\\"pages\\\\\\\":10,\\\\\\\"records\\\\\\\":[{\\\\\\\"address\\\\\\\":\\\\\\\"内网IP\\\\\\\",\\\\\\\"browser\\\\\\\":\\\\\\\"Chrome 105\\\\\\\",\\\\\\\"executionTime\\\\\\\":119,\\\\——内容过长，以下内容已经忽略...', 3, NULL, 'Chrome 105');
INSERT INTO `sys_log` VALUES ('查看操作日志', 'mornd(gitee)', 'com.mornd.system.controller.SysLogController.pageList', '2022-10-26 00:22:42', 39, '127.0.0.1', '/dataView/sysLog', '内网IP', '[{\"pageNo\":1,\"pageSize\":10,\"visitDateScope\":[]}]', 'Windows 10', '{\"code\":200,\"data\":{\"current\":1,\"hitCount\":false,\"optimizeCountSql\":true,\"orders\":[],\"pages\":10,\"records\":[{\"address\":\"内网IP\",\"browser\":\"Chrome 105\",\"executionTime\":1021,\"ip\":\"127.0.0.1\",\"methodName\":\"com.mornd.system.controller.SysLogController.pageList\",\"os\":\"Windows 10\",\"params\":\"[{\\\"pageNo\\\":1,\\\"pageSize\\\":10,\\\"visitDateScope\\\":[]}]\",\"result\":\"{\\\"code\\\":200,\\\"data\\\":{\\\"current\\\":1,\\\"hitCount\\\":false,\\\"optimizeCountSql\\\":true,\\\"orders\\\":[],\\\"pages\\\":10,\\\"records\\\":[{\\\"address\\\":\\\"内网IP\\\",\\\"browser\\\":\\\"Chrome 105\\\",\\\"executionTime\\\":22,\\\"ip\\\":\\\"127.0.0.1\\\",\\\"methodName\\\":\\\"com.mornd.system.controller.SysLogController.pageList\\\",\\\"os\\\":\\\"Windows 10\\\",\\\"params\\\":\\\"[{\\\\\\\"pageNo\\\\\\\":1,\\\\\\\"pageSize\\\\\\\":10,\\\\\\\"visitDateScope\\\\\\\":[]}]\\\",\\\"result\\\":\\\"{\\\\\\\"code\\\\\\\":200,\\\\\\\"data\\\\\\\":{\\\\\\\"current\\\\\\\":1,\\\\\\\"hitCount\\\\\\\":false,\\\\\\\"optimizeCountSql\\\\\\\":true,\\\\\\\"orders\\\\\\\":[],\\\\\\\"pages\\\\\\\":10,\\\\\\\"records\\\\\\\":[{\\\\\\\"address\\\\\\\":\\\\\\\"内网IP\\\\\\\",\\\\\\\"browser\\\\\\\":\\\\\\\"Chrome 105\\\\\\\",\\\\\\\"executionTime\\\\\\\":157,\\——内容过长，以下内容已经忽略...', 3, NULL, 'Chrome 105');
INSERT INTO `sys_log` VALUES ('查看操作日志', 'mornd(gitee)', 'com.mornd.system.controller.SysLogController.pageList', '2022-10-26 00:22:45', 32, '127.0.0.1', '/dataView/sysLog', '内网IP', '[{\"pageNo\":1,\"pageSize\":10,\"visitDateScope\":[]}]', 'Windows 10', '{\"code\":200,\"data\":{\"current\":1,\"hitCount\":false,\"optimizeCountSql\":true,\"orders\":[],\"pages\":10,\"records\":[{\"address\":\"内网IP\",\"browser\":\"Chrome 105\",\"executionTime\":39,\"ip\":\"127.0.0.1\",\"methodName\":\"com.mornd.system.controller.SysLogController.pageList\",\"os\":\"Windows 10\",\"params\":\"[{\\\"pageNo\\\":1,\\\"pageSize\\\":10,\\\"visitDateScope\\\":[]}]\",\"result\":\"{\\\"code\\\":200,\\\"data\\\":{\\\"current\\\":1,\\\"hitCount\\\":false,\\\"optimizeCountSql\\\":true,\\\"orders\\\":[],\\\"pages\\\":10,\\\"records\\\":[{\\\"address\\\":\\\"内网IP\\\",\\\"browser\\\":\\\"Chrome 105\\\",\\\"executionTime\\\":1021,\\\"ip\\\":\\\"127.0.0.1\\\",\\\"methodName\\\":\\\"com.mornd.system.controller.SysLogController.pageList\\\",\\\"os\\\":\\\"Windows 10\\\",\\\"params\\\":\\\"[{\\\\\\\"pageNo\\\\\\\":1,\\\\\\\"pageSize\\\\\\\":10,\\\\\\\"visitDateScope\\\\\\\":[]}]\\\",\\\"result\\\":\\\"{\\\\\\\"code\\\\\\\":200,\\\\\\\"data\\\\\\\":{\\\\\\\"current\\\\\\\":1,\\\\\\\"hitCount\\\\\\\":false,\\\\\\\"optimizeCountSql\\\\\\\":true,\\\\\\\"orders\\\\\\\":[],\\\\\\\"pages\\\\\\\":10,\\\\\\\"records\\\\\\\":[{\\\\\\\"address\\\\\\\":\\\\\\\"内网IP\\\\\\\",\\\\\\\"browser\\\\\\\":\\\\\\\"Chrome 105\\\\\\\",\\\\\\\"executionTime\\\\\\\":22,\\\\——内容过长，以下内容已经忽略...', 3, NULL, 'Chrome 105');
INSERT INTO `sys_log` VALUES ('查看操作日志', 'mornd(gitee)', 'com.mornd.system.controller.SysLogController.pageList', '2022-10-26 00:22:47', 24, '127.0.0.1', '/dataView/sysLog', '内网IP', '[{\"pageNo\":1,\"pageSize\":10,\"visitDateScope\":[]}]', 'Windows 10', '{\"code\":200,\"data\":{\"current\":1,\"hitCount\":false,\"optimizeCountSql\":true,\"orders\":[],\"pages\":10,\"records\":[{\"address\":\"内网IP\",\"browser\":\"Chrome 105\",\"executionTime\":32,\"ip\":\"127.0.0.1\",\"methodName\":\"com.mornd.system.controller.SysLogController.pageList\",\"os\":\"Windows 10\",\"params\":\"[{\\\"pageNo\\\":1,\\\"pageSize\\\":10,\\\"visitDateScope\\\":[]}]\",\"result\":\"{\\\"code\\\":200,\\\"data\\\":{\\\"current\\\":1,\\\"hitCount\\\":false,\\\"optimizeCountSql\\\":true,\\\"orders\\\":[],\\\"pages\\\":10,\\\"records\\\":[{\\\"address\\\":\\\"内网IP\\\",\\\"browser\\\":\\\"Chrome 105\\\",\\\"executionTime\\\":39,\\\"ip\\\":\\\"127.0.0.1\\\",\\\"methodName\\\":\\\"com.mornd.system.controller.SysLogController.pageList\\\",\\\"os\\\":\\\"Windows 10\\\",\\\"params\\\":\\\"[{\\\\\\\"pageNo\\\\\\\":1,\\\\\\\"pageSize\\\\\\\":10,\\\\\\\"visitDateScope\\\\\\\":[]}]\\\",\\\"result\\\":\\\"{\\\\\\\"code\\\\\\\":200,\\\\\\\"data\\\\\\\":{\\\\\\\"current\\\\\\\":1,\\\\\\\"hitCount\\\\\\\":false,\\\\\\\"optimizeCountSql\\\\\\\":true,\\\\\\\"orders\\\\\\\":[],\\\\\\\"pages\\\\\\\":10,\\\\\\\"records\\\\\\\":[{\\\\\\\"address\\\\\\\":\\\\\\\"内网IP\\\\\\\",\\\\\\\"browser\\\\\\\":\\\\\\\"Chrome 105\\\\\\\",\\\\\\\"executionTime\\\\\\\":1021,\\\\——内容过长，以下内容已经忽略...', 3, NULL, 'Chrome 105');
INSERT INTO `sys_log` VALUES ('获取在线用户列表', 'mornd(gitee)', 'com.mornd.system.controller.OnlineUserController.pageList', '2022-10-26 00:22:50', 31, '127.0.0.1', '/dataView/onlineUser', '内网IP', '[{\"pageNo\":1,\"pageSize\":10}]', 'Windows 10', '{\"code\":200,\"data\":{\"total\":1,\"data\":[{\"address\":\"内网IP\",\"browser\":\"Chrome 105\",\"duration\":302120,\"id\":\"7853024\",\"ip\":\"127.0.0.1\",\"loginName\":\"mornd\",\"loginTime\":1666714667839,\"os\":\"Windows 10\",\"realName\":\"采采芣苢\"}]},\"success\":true,\"timestamp\":1666714969962}', 3, NULL, 'Chrome 105');
INSERT INTO `sys_log` VALUES ('获取在线用户列表', 'mornd(gitee)', 'com.mornd.system.controller.OnlineUserController.pageList', '2022-10-26 00:22:53', 5, '127.0.0.1', '/dataView/onlineUser', '内网IP', '[{\"pageNo\":1,\"pageSize\":10}]', 'Windows 10', '{\"code\":200,\"data\":{\"total\":1,\"data\":[{\"address\":\"内网IP\",\"browser\":\"Chrome 105\",\"duration\":304925,\"id\":\"7853024\",\"ip\":\"127.0.0.1\",\"loginName\":\"mornd\",\"loginTime\":1666714667839,\"os\":\"Windows 10\",\"realName\":\"采采芣苢\"}]},\"success\":true,\"timestamp\":1666714972764}', 3, NULL, 'Chrome 105');
INSERT INTO `sys_log` VALUES ('获取在线用户列表', 'mornd(gitee)', 'com.mornd.system.controller.OnlineUserController.pageList', '2022-10-26 00:22:56', 17, '127.0.0.1', '/dataView/onlineUser', '内网IP', '[{\"pageNo\":1,\"pageSize\":10}]', 'Windows 10', '{\"code\":200,\"data\":{\"total\":1,\"data\":[{\"address\":\"内网IP\",\"browser\":\"Chrome 105\",\"duration\":308052,\"id\":\"7853024\",\"ip\":\"127.0.0.1\",\"loginName\":\"mornd\",\"loginTime\":1666714667839,\"os\":\"Windows 10\",\"realName\":\"采采芣苢\"}]},\"success\":true,\"timestamp\":1666714975891}', 3, NULL, 'Chrome 105');
INSERT INTO `sys_log` VALUES ('查看操作日志', 'mornd(gitee)', 'com.mornd.system.controller.SysLogController.pageList', '2022-10-26 00:22:59', 65, '127.0.0.1', '/dataView/sysLog', '内网IP', '[{\"pageNo\":1,\"pageSize\":10,\"visitDateScope\":[]}]', 'Windows 10', '{\"code\":200,\"data\":{\"current\":1,\"hitCount\":false,\"optimizeCountSql\":true,\"orders\":[],\"pages\":11,\"records\":[{\"address\":\"内网IP\",\"browser\":\"Chrome 105\",\"executionTime\":17,\"ip\":\"127.0.0.1\",\"methodName\":\"com.mornd.system.controller.OnlineUserController.pageList\",\"os\":\"Windows 10\",\"params\":\"[{\\\"pageNo\\\":1,\\\"pageSize\\\":10}]\",\"result\":\"{\\\"code\\\":200,\\\"data\\\":{\\\"total\\\":1,\\\"data\\\":[{\\\"address\\\":\\\"内网IP\\\",\\\"browser\\\":\\\"Chrome 105\\\",\\\"duration\\\":308052,\\\"id\\\":\\\"7853024\\\",\\\"ip\\\":\\\"127.0.0.1\\\",\\\"loginName\\\":\\\"mornd\\\",\\\"loginTime\\\":1666714667839,\\\"os\\\":\\\"Windows 10\\\",\\\"realName\\\":\\\"采采芣苢\\\"}]},\\\"success\\\":true,\\\"timestamp\\\":1666714975891}\",\"title\":\"获取在线用户列表\",\"type\":3,\"url\":\"/dataView/onlineUser\",\"username\":\"mornd(gitee)\",\"visitDate\":1666714976000},{\"address\":\"内网IP\",\"browser\":\"Chrome 105\",\"executionTime\":5,\"ip\":\"127.0.0.1\",\"methodName\":\"com.mornd.system.controller.OnlineUserController.pageList\",\"os\":\"Windows 10\",\"params\":\"[{\\\"pageNo\\\":1,\\\"pageSize\\\":10}]\",\"result\":\"{\\\"code\\\":200,\\\"data\\\":{\\\"total\\\":1,\\\"d——内容过长，以下内容已经忽略...', 3, NULL, 'Chrome 105');
INSERT INTO `sys_log` VALUES ('获取用户列表', 'mornd(gitee)', 'com.mornd.system.controller.UserController.pageList', '2022-10-26 00:23:07', 91, '127.0.0.1', '/dataView/sysUser', '内网IP', '[{\"pageNo\":1,\"pageSize\":10}]', 'Windows 10', '{\"code\":200,\"data\":{\"current\":1,\"hitCount\":false,\"optimizeCountSql\":true,\"orders\":[],\"pages\":2,\"records\":[{\"avatar\":\"/profile\\\\avatar\\\\258d4a8b-8c0b-4df6-89b3-057aa73d23f8.jpg\",\"birthday\":-6311289600000,\"email\":\"tom@163.com\",\"gender\":1,\"gmtCreate\":1628524800000,\"id\":\"1425004256210038785\",\"loginName\":\"tom\",\"phone\":\"18270917877\",\"realName\":\"小杨2\",\"status\":1},{\"avatar\":\"\",\"birthday\":897840000000,\"email\":\"\",\"gender\":0,\"gmtCreate\":1631548800000,\"id\":\"1\",\"loginName\":\"jack\",\"phone\":\"\",\"realName\":\" 小晨\",\"status\":1},{\"avatar\":\"http://r67xhbta9.hn-bkt.clouddn.com/20220127081625_1483764958705852417.jpg\",\"birthday\":1088092800000,\"email\":\"222@qq.com\",\"gender\":1,\"gmtCreate\":1642521600000,\"id\":\"1483764958705852417\",\"loginName\":\"www\",\"phone\":\"15825652541\",\"realName\":\"2222\",\"status\":1},{\"birthday\":1641225600000,\"gender\":0,\"gmtCreate\":1642608000000,\"id\":\"1484059335881662465\",\"loginName\":\"尊敬的弗拉基米尔伯爵二世\",\"realName\":\"尊敬的弗拉基米尔伯爵\",\"status\":1},{\"gender\":1,\"gmtCreate\":1643022342000,\"id\":\"1485569489789837313\",\"log——内容过长，以下内容已经忽略...', 3, NULL, 'Chrome 105');
INSERT INTO `sys_log` VALUES ('获取用户列表', 'mornd(gitee)', 'com.mornd.system.controller.UserController.pageList', '2022-10-26 00:23:11', 49, '127.0.0.1', '/dataView/sysUser', '内网IP', '[{\"pageNo\":1,\"pageSize\":10}]', 'Windows 10', '{\"code\":200,\"data\":{\"current\":1,\"hitCount\":false,\"optimizeCountSql\":true,\"orders\":[],\"pages\":2,\"records\":[{\"avatar\":\"/profile\\\\avatar\\\\258d4a8b-8c0b-4df6-89b3-057aa73d23f8.jpg\",\"birthday\":-6311289600000,\"email\":\"tom@163.com\",\"gender\":1,\"gmtCreate\":1628524800000,\"id\":\"1425004256210038785\",\"loginName\":\"tom\",\"phone\":\"18270917877\",\"realName\":\"小杨2\",\"status\":1},{\"avatar\":\"\",\"birthday\":897840000000,\"email\":\"\",\"gender\":0,\"gmtCreate\":1631548800000,\"id\":\"1\",\"loginName\":\"jack\",\"phone\":\"\",\"realName\":\" 小晨\",\"status\":1},{\"avatar\":\"http://r67xhbta9.hn-bkt.clouddn.com/20220127081625_1483764958705852417.jpg\",\"birthday\":1088092800000,\"email\":\"222@qq.com\",\"gender\":1,\"gmtCreate\":1642521600000,\"id\":\"1483764958705852417\",\"loginName\":\"www\",\"phone\":\"15825652541\",\"realName\":\"2222\",\"status\":1},{\"birthday\":1641225600000,\"gender\":0,\"gmtCreate\":1642608000000,\"id\":\"1484059335881662465\",\"loginName\":\"尊敬的弗拉基米尔伯爵二世\",\"realName\":\"尊敬的弗拉基米尔伯爵\",\"status\":1},{\"gender\":1,\"gmtCreate\":1643022342000,\"id\":\"1485569489789837313\",\"log——内容过长，以下内容已经忽略...', 3, NULL, 'Chrome 105');
INSERT INTO `sys_log` VALUES ('获取当前登录用户信息', 'mornd(gitee)', 'com.mornd.system.controller.UserController.getUserInfo', '2022-10-26 00:23:11', 0, '127.0.0.1', '/dataView/sysUser/getLoginUser', '内网IP', NULL, 'Windows 10', '{\"code\":200,\"data\":{\"avatar\":\"https://portrait.gitee.com/uploads/avatars/user/2617/7853024_mornd_1608529482.png\",\"id\":\"7853024\",\"loginName\":\"mornd\",\"permissions\":[{\"code\":\"system:user:update\",\"createBy\":\"1425004256210038785\",\"enabled\":1,\"gmtCreate\":1665878400000,\"hidden\":1,\"id\":\"1581602962446958593\",\"menuType\":2,\"parentId\":\"1425384255047946241\",\"requireAuth\":1,\"sort\":3.0,\"title\":\"修改用户\"},{\"code\":\"systemMonitor\",\"createBy\":\"1425004256210038785\",\"enabled\":1,\"gmtCreate\":1637366400000,\"gmtModified\":1665878400000,\"hidden\":1,\"icon\":\"fa fa-tv\",\"id\":\"1461990613021151233\",\"keepAlive\":1,\"menuType\":0,\"modifiedBy\":\"1425004256210038785\",\"parentId\":\"0\",\"path\":\"\",\"requireAuth\":1,\"sort\":100.0,\"title\":\"系统监控\"},{\"code\":\"system:user:delete\",\"createBy\":\"1425004256210038785\",\"enabled\":1,\"gmtCreate\":1665878400000,\"hidden\":1,\"id\":\"1581603052624494594\",\"menuType\":2,\"parentId\":\"1425384255047946241\",\"requireAuth\":1,\"sort\":4.0,\"title\":\"删除用户\"},{\"code\":\"system:menu:delete\",\"createBy\":\"1425004256210038785\",\"enabled\":——内容过长，以下内容已经忽略...', 3, NULL, 'Chrome 105');
INSERT INTO `sys_log` VALUES ('获取左侧菜单树', 'mornd(gitee)', 'com.mornd.system.controller.PermissionController.getLeftTree', '2022-10-26 00:23:12', 81, '127.0.0.1', '/dataView/permission/leftTree', '内网IP', NULL, 'Windows 10', '{\"code\":200,\"data\":[{\"children\":[{\"code\":\"system:user\",\"component\":\"system/user/UserList\",\"enabled\":1,\"icon\":\"fa fa-user\",\"id\":\"1425384255047946241\",\"keepAlive\":1,\"menuType\":1,\"parentId\":\"1425381271220101122\",\"path\":\"/system/user\",\"sort\":1.0,\"title\":\"用户管理\"},{\"code\":\"system:role\",\"component\":\"system/role/RoleList\",\"enabled\":1,\"icon\":\"fa fa-user-secret\",\"id\":\"1425384412992856065\",\"keepAlive\":1,\"menuType\":1,\"parentId\":\"1425381271220101122\",\"path\":\"/system/role\",\"sort\":2.0,\"title\":\"角色管理\"},{\"code\":\"system:menu\",\"component\":\"system/permission/PermissionList\",\"enabled\":1,\"icon\":\"fa fa-bars\",\"id\":\"1425384413584252930\",\"keepAlive\":1,\"menuType\":1,\"parentId\":\"1425381271220101122\",\"path\":\"/system/permission\",\"sort\":3.0,\"title\":\"菜单管理\"}],\"code\":\"system\",\"enabled\":1,\"icon\":\"fa fa-gear\",\"id\":\"1425381271220101122\",\"menuType\":0,\"parentId\":\"0\",\"path\":\"\",\"sort\":3.0,\"title\":\"系统管理\"},{\"children\":[{\"code\":\"systemMonitor:sysLog\",\"component\":\"monitor/log/LogList\",\"enabled\":1,\"icon\":\"fa fa-camera\",\"id\":\"14869844——内容过长，以下内容已经忽略...', 3, NULL, 'Chrome 105');
INSERT INTO `sys_log` VALUES ('获取用户列表', 'mornd(gitee)', 'com.mornd.system.controller.UserController.pageList', '2022-10-26 00:23:15', 20, '127.0.0.1', '/dataView/sysUser', '内网IP', '[{\"pageNo\":1,\"pageSize\":10}]', 'Windows 10', '{\"code\":200,\"data\":{\"current\":1,\"hitCount\":false,\"optimizeCountSql\":true,\"orders\":[],\"pages\":2,\"records\":[{\"avatar\":\"/profile\\\\avatar\\\\258d4a8b-8c0b-4df6-89b3-057aa73d23f8.jpg\",\"birthday\":-6311289600000,\"email\":\"tom@163.com\",\"gender\":1,\"gmtCreate\":1628524800000,\"id\":\"1425004256210038785\",\"loginName\":\"tom\",\"phone\":\"18270917877\",\"realName\":\"小杨2\",\"status\":1},{\"avatar\":\"\",\"birthday\":897840000000,\"email\":\"\",\"gender\":0,\"gmtCreate\":1631548800000,\"id\":\"1\",\"loginName\":\"jack\",\"phone\":\"\",\"realName\":\" 小晨\",\"status\":1},{\"avatar\":\"http://r67xhbta9.hn-bkt.clouddn.com/20220127081625_1483764958705852417.jpg\",\"birthday\":1088092800000,\"email\":\"222@qq.com\",\"gender\":1,\"gmtCreate\":1642521600000,\"id\":\"1483764958705852417\",\"loginName\":\"www\",\"phone\":\"15825652541\",\"realName\":\"2222\",\"status\":1},{\"birthday\":1641225600000,\"gender\":0,\"gmtCreate\":1642608000000,\"id\":\"1484059335881662465\",\"loginName\":\"尊敬的弗拉基米尔伯爵二世\",\"realName\":\"尊敬的弗拉基米尔伯爵\",\"status\":1},{\"gender\":1,\"gmtCreate\":1643022342000,\"id\":\"1485569489789837313\",\"log——内容过长，以下内容已经忽略...', 3, NULL, 'Chrome 105');
INSERT INTO `sys_log` VALUES ('获取当前登录用户信息', 'mornd(gitee)', 'com.mornd.system.controller.UserController.getUserInfo', '2022-10-26 00:23:15', 0, '127.0.0.1', '/dataView/sysUser/getLoginUser', '内网IP', NULL, 'Windows 10', '{\"code\":200,\"data\":{\"avatar\":\"https://portrait.gitee.com/uploads/avatars/user/2617/7853024_mornd_1608529482.png\",\"id\":\"7853024\",\"loginName\":\"mornd\",\"permissions\":[{\"code\":\"system:user:update\",\"createBy\":\"1425004256210038785\",\"enabled\":1,\"gmtCreate\":1665878400000,\"hidden\":1,\"id\":\"1581602962446958593\",\"menuType\":2,\"parentId\":\"1425384255047946241\",\"requireAuth\":1,\"sort\":3.0,\"title\":\"修改用户\"},{\"code\":\"systemMonitor\",\"createBy\":\"1425004256210038785\",\"enabled\":1,\"gmtCreate\":1637366400000,\"gmtModified\":1665878400000,\"hidden\":1,\"icon\":\"fa fa-tv\",\"id\":\"1461990613021151233\",\"keepAlive\":1,\"menuType\":0,\"modifiedBy\":\"1425004256210038785\",\"parentId\":\"0\",\"path\":\"\",\"requireAuth\":1,\"sort\":100.0,\"title\":\"系统监控\"},{\"code\":\"system:user:delete\",\"createBy\":\"1425004256210038785\",\"enabled\":1,\"gmtCreate\":1665878400000,\"hidden\":1,\"id\":\"1581603052624494594\",\"menuType\":2,\"parentId\":\"1425384255047946241\",\"requireAuth\":1,\"sort\":4.0,\"title\":\"删除用户\"},{\"code\":\"system:menu:delete\",\"createBy\":\"1425004256210038785\",\"enabled\":——内容过长，以下内容已经忽略...', 3, NULL, 'Chrome 105');
INSERT INTO `sys_log` VALUES ('获取左侧菜单树', 'mornd(gitee)', 'com.mornd.system.controller.PermissionController.getLeftTree', '2022-10-26 00:23:15', 18, '127.0.0.1', '/dataView/permission/leftTree', '内网IP', NULL, 'Windows 10', '{\"code\":200,\"data\":[{\"children\":[{\"code\":\"system:user\",\"component\":\"system/user/UserList\",\"enabled\":1,\"icon\":\"fa fa-user\",\"id\":\"1425384255047946241\",\"keepAlive\":1,\"menuType\":1,\"parentId\":\"1425381271220101122\",\"path\":\"/system/user\",\"sort\":1.0,\"title\":\"用户管理\"},{\"code\":\"system:role\",\"component\":\"system/role/RoleList\",\"enabled\":1,\"icon\":\"fa fa-user-secret\",\"id\":\"1425384412992856065\",\"keepAlive\":1,\"menuType\":1,\"parentId\":\"1425381271220101122\",\"path\":\"/system/role\",\"sort\":2.0,\"title\":\"角色管理\"},{\"code\":\"system:menu\",\"component\":\"system/permission/PermissionList\",\"enabled\":1,\"icon\":\"fa fa-bars\",\"id\":\"1425384413584252930\",\"keepAlive\":1,\"menuType\":1,\"parentId\":\"1425381271220101122\",\"path\":\"/system/permission\",\"sort\":3.0,\"title\":\"菜单管理\"}],\"code\":\"system\",\"enabled\":1,\"icon\":\"fa fa-gear\",\"id\":\"1425381271220101122\",\"menuType\":0,\"parentId\":\"0\",\"path\":\"\",\"sort\":3.0,\"title\":\"系统管理\"},{\"children\":[{\"code\":\"systemMonitor:sysLog\",\"component\":\"monitor/log/LogList\",\"enabled\":1,\"icon\":\"fa fa-camera\",\"id\":\"14869844——内容过长，以下内容已经忽略...', 3, NULL, 'Chrome 105');
INSERT INTO `sys_log` VALUES ('获取用户列表', 'mornd(gitee)', 'com.mornd.system.controller.UserController.pageList', '2022-10-26 00:23:17', 24, '127.0.0.1', '/dataView/sysUser', '内网IP', '[{\"pageNo\":1,\"pageSize\":10}]', 'Windows 10', '{\"code\":200,\"data\":{\"current\":1,\"hitCount\":false,\"optimizeCountSql\":true,\"orders\":[],\"pages\":2,\"records\":[{\"avatar\":\"/profile\\\\avatar\\\\258d4a8b-8c0b-4df6-89b3-057aa73d23f8.jpg\",\"birthday\":-6311289600000,\"email\":\"tom@163.com\",\"gender\":1,\"gmtCreate\":1628524800000,\"id\":\"1425004256210038785\",\"loginName\":\"tom\",\"phone\":\"18270917877\",\"realName\":\"小杨2\",\"status\":1},{\"avatar\":\"\",\"birthday\":897840000000,\"email\":\"\",\"gender\":0,\"gmtCreate\":1631548800000,\"id\":\"1\",\"loginName\":\"jack\",\"phone\":\"\",\"realName\":\" 小晨\",\"status\":1},{\"avatar\":\"http://r67xhbta9.hn-bkt.clouddn.com/20220127081625_1483764958705852417.jpg\",\"birthday\":1088092800000,\"email\":\"222@qq.com\",\"gender\":1,\"gmtCreate\":1642521600000,\"id\":\"1483764958705852417\",\"loginName\":\"www\",\"phone\":\"15825652541\",\"realName\":\"2222\",\"status\":1},{\"birthday\":1641225600000,\"gender\":0,\"gmtCreate\":1642608000000,\"id\":\"1484059335881662465\",\"loginName\":\"尊敬的弗拉基米尔伯爵二世\",\"realName\":\"尊敬的弗拉基米尔伯爵\",\"status\":1},{\"gender\":1,\"gmtCreate\":1643022342000,\"id\":\"1485569489789837313\",\"log——内容过长，以下内容已经忽略...', 3, NULL, 'Chrome 105');
INSERT INTO `sys_log` VALUES ('获取角色列表', 'mornd(gitee)', 'com.mornd.system.controller.RoleController.pageList', '2022-10-26 00:23:19', 93, '127.0.0.1', '/dataView/role', '内网IP', '[{\"pageNo\":1,\"pageSize\":10}]', 'Windows 10', '{\"code\":200,\"data\":{\"current\":1,\"hitCount\":false,\"optimizeCountSql\":true,\"orders\":[],\"pages\":2,\"records\":[{\"code\":\"super_admin\",\"delFlag\":1,\"enabled\":1,\"gmtCreate\":1641312000000,\"gmtModified\":1641862726000,\"id\":\"1425011630752735234\",\"modifiedBy\":\"1425004256210038785\",\"name\":\"超级管理员\",\"remark\":\"superAdmin！！！\",\"sort\":1},{\"code\":\"gitee\",\"createBy\":\"7853024\",\"delFlag\":1,\"enabled\":1,\"gmtCreate\":1666627200000,\"gmtModified\":1666706295000,\"id\":\"1584907057962328066\",\"modifiedBy\":\"7853024\",\"name\":\"gitee用户\",\"remark\":\"gitee用户访问默认角色\",\"sort\":1},{\"code\":\"admin\",\"createBy\":\"1425004256210038785\",\"delFlag\":1,\"enabled\":1,\"gmtCreate\":1641484800000,\"gmtModified\":1651515865000,\"id\":\"1479338174086205442\",\"modifiedBy\":\"1425004256210038785\",\"name\":\"管理员\",\"sort\":2},{\"code\":\"guest\",\"createBy\":\"1425004256210038785\",\"delFlag\":1,\"enabled\":1,\"gmtCreate\":1641225600000,\"gmtModified\":1642668973000,\"id\":\"1484006672313884673\",\"modifiedBy\":\"1425004256210038785\",\"name\":\"游客\",\"sort\":4},{\"code\":\"user\",\"delFlag\":1,\"enabled\":1,\"gm——内容过长，以下内容已经忽略...', 3, NULL, 'Chrome 105');
INSERT INTO `sys_log` VALUES ('获取当前登录用户信息', 'mornd(gitee)', 'com.mornd.system.controller.UserController.getUserInfo', '2022-10-26 00:23:26', 0, '127.0.0.1', '/dataView/sysUser/getLoginUser', '内网IP', NULL, 'Windows 10', '{\"code\":200,\"data\":{\"avatar\":\"https://portrait.gitee.com/uploads/avatars/user/2617/7853024_mornd_1608529482.png\",\"id\":\"7853024\",\"loginName\":\"mornd\",\"permissions\":[{\"code\":\"system:user:update\",\"createBy\":\"1425004256210038785\",\"enabled\":1,\"gmtCreate\":1665878400000,\"hidden\":1,\"id\":\"1581602962446958593\",\"menuType\":2,\"parentId\":\"1425384255047946241\",\"requireAuth\":1,\"sort\":3.0,\"title\":\"修改用户\"},{\"code\":\"systemMonitor\",\"createBy\":\"1425004256210038785\",\"enabled\":1,\"gmtCreate\":1637366400000,\"gmtModified\":1665878400000,\"hidden\":1,\"icon\":\"fa fa-tv\",\"id\":\"1461990613021151233\",\"keepAlive\":1,\"menuType\":0,\"modifiedBy\":\"1425004256210038785\",\"parentId\":\"0\",\"path\":\"\",\"requireAuth\":1,\"sort\":100.0,\"title\":\"系统监控\"},{\"code\":\"system:user:delete\",\"createBy\":\"1425004256210038785\",\"enabled\":1,\"gmtCreate\":1665878400000,\"hidden\":1,\"id\":\"1581603052624494594\",\"menuType\":2,\"parentId\":\"1425384255047946241\",\"requireAuth\":1,\"sort\":4.0,\"title\":\"删除用户\"},{\"code\":\"system:menu:delete\",\"createBy\":\"1425004256210038785\",\"enabled\":——内容过长，以下内容已经忽略...', 3, NULL, 'Chrome 105');
INSERT INTO `sys_log` VALUES ('获取左侧菜单树', 'mornd(gitee)', 'com.mornd.system.controller.PermissionController.getLeftTree', '2022-10-26 00:23:26', 19, '127.0.0.1', '/dataView/permission/leftTree', '内网IP', NULL, 'Windows 10', '{\"code\":200,\"data\":[{\"children\":[{\"code\":\"system:user\",\"component\":\"system/user/UserList\",\"enabled\":1,\"icon\":\"fa fa-user\",\"id\":\"1425384255047946241\",\"keepAlive\":1,\"menuType\":1,\"parentId\":\"1425381271220101122\",\"path\":\"/system/user\",\"sort\":1.0,\"title\":\"用户管理\"},{\"code\":\"system:role\",\"component\":\"system/role/RoleList\",\"enabled\":1,\"icon\":\"fa fa-user-secret\",\"id\":\"1425384412992856065\",\"keepAlive\":1,\"menuType\":1,\"parentId\":\"1425381271220101122\",\"path\":\"/system/role\",\"sort\":2.0,\"title\":\"角色管理\"},{\"code\":\"system:menu\",\"component\":\"system/permission/PermissionList\",\"enabled\":1,\"icon\":\"fa fa-bars\",\"id\":\"1425384413584252930\",\"keepAlive\":1,\"menuType\":1,\"parentId\":\"1425381271220101122\",\"path\":\"/system/permission\",\"sort\":3.0,\"title\":\"菜单管理\"}],\"code\":\"system\",\"enabled\":1,\"icon\":\"fa fa-gear\",\"id\":\"1425381271220101122\",\"menuType\":0,\"parentId\":\"0\",\"path\":\"\",\"sort\":3.0,\"title\":\"系统管理\"},{\"children\":[{\"code\":\"systemMonitor:sysLog\",\"component\":\"monitor/log/LogList\",\"enabled\":1,\"icon\":\"fa fa-camera\",\"id\":\"14869844——内容过长，以下内容已经忽略...', 3, NULL, 'Chrome 105');
INSERT INTO `sys_log` VALUES ('获取角色列表', 'mornd(gitee)', 'com.mornd.system.controller.RoleController.pageList', '2022-10-26 00:23:26', 43, '127.0.0.1', '/dataView/role', '内网IP', '[{\"pageNo\":1,\"pageSize\":10}]', 'Windows 10', '{\"code\":200,\"data\":{\"current\":1,\"hitCount\":false,\"optimizeCountSql\":true,\"orders\":[],\"pages\":2,\"records\":[{\"code\":\"super_admin\",\"delFlag\":1,\"enabled\":1,\"gmtCreate\":1641312000000,\"gmtModified\":1641862726000,\"id\":\"1425011630752735234\",\"modifiedBy\":\"1425004256210038785\",\"name\":\"超级管理员\",\"remark\":\"superAdmin！！！\",\"sort\":1},{\"code\":\"gitee\",\"createBy\":\"7853024\",\"delFlag\":1,\"enabled\":1,\"gmtCreate\":1666627200000,\"gmtModified\":1666706295000,\"id\":\"1584907057962328066\",\"modifiedBy\":\"7853024\",\"name\":\"gitee用户\",\"remark\":\"gitee用户访问默认角色\",\"sort\":1},{\"code\":\"admin\",\"createBy\":\"1425004256210038785\",\"delFlag\":1,\"enabled\":1,\"gmtCreate\":1641484800000,\"gmtModified\":1651515865000,\"id\":\"1479338174086205442\",\"modifiedBy\":\"1425004256210038785\",\"name\":\"管理员\",\"sort\":2},{\"code\":\"guest\",\"createBy\":\"1425004256210038785\",\"delFlag\":1,\"enabled\":1,\"gmtCreate\":1641225600000,\"gmtModified\":1642668973000,\"id\":\"1484006672313884673\",\"modifiedBy\":\"1425004256210038785\",\"name\":\"游客\",\"sort\":4},{\"code\":\"user\",\"delFlag\":1,\"enabled\":1,\"gm——内容过长，以下内容已经忽略...', 3, NULL, 'Chrome 105');
INSERT INTO `sys_log` VALUES ('获取菜单列表', 'mornd(gitee)', 'com.mornd.system.controller.PermissionController.tableTree', '2022-10-26 00:23:30', 27, '127.0.0.1', '/dataView/permission/tableTree', '内网IP', NULL, 'Windows 10', '{\"code\":200,\"data\":[{\"children\":[{\"children\":[{\"code\":\"system:user:add\",\"createBy\":\"1425004256210038785\",\"enabled\":1,\"gmtCreate\":1665918483000,\"hidden\":1,\"id\":\"1581602868477771778\",\"menuType\":2,\"parentId\":\"1425384255047946241\",\"requireAuth\":1,\"sort\":2.0,\"title\":\"新增用户\"},{\"code\":\"system:user:update\",\"createBy\":\"1425004256210038785\",\"enabled\":1,\"gmtCreate\":1665918506000,\"hidden\":1,\"id\":\"1581602962446958593\",\"menuType\":2,\"parentId\":\"1425384255047946241\",\"requireAuth\":1,\"sort\":3.0,\"title\":\"修改用户\"},{\"code\":\"system:user:delete\",\"createBy\":\"1425004256210038785\",\"enabled\":1,\"gmtCreate\":1665918527000,\"hidden\":1,\"id\":\"1581603052624494594\",\"menuType\":2,\"parentId\":\"1425384255047946241\",\"requireAuth\":1,\"sort\":4.0,\"title\":\"删除用户\"},{\"code\":\"system:user:changeStatus\",\"createBy\":\"1425004256210038785\",\"enabled\":1,\"gmtCreate\":1665923039000,\"hidden\":1,\"id\":\"1581621978532102146\",\"menuType\":2,\"parentId\":\"1425384255047946241\",\"requireAuth\":1,\"sort\":5.0,\"title\":\"用户状态修改\"}],\"code\":\"system:user\",\"component\":\"system——内容过长，以下内容已经忽略...', 3, NULL, 'Chrome 105');
INSERT INTO `sys_log` VALUES ('获取当前登录用户信息', 'mornd(gitee)', 'com.mornd.system.controller.UserController.getUserInfo', '2022-10-26 00:23:36', 0, '127.0.0.1', '/dataView/sysUser/getLoginUser', '内网IP', NULL, 'Windows 10', '{\"code\":200,\"data\":{\"avatar\":\"https://portrait.gitee.com/uploads/avatars/user/2617/7853024_mornd_1608529482.png\",\"id\":\"7853024\",\"loginName\":\"mornd\",\"permissions\":[{\"code\":\"system:user:update\",\"createBy\":\"1425004256210038785\",\"enabled\":1,\"gmtCreate\":1665878400000,\"hidden\":1,\"id\":\"1581602962446958593\",\"menuType\":2,\"parentId\":\"1425384255047946241\",\"requireAuth\":1,\"sort\":3.0,\"title\":\"修改用户\"},{\"code\":\"systemMonitor\",\"createBy\":\"1425004256210038785\",\"enabled\":1,\"gmtCreate\":1637366400000,\"gmtModified\":1665878400000,\"hidden\":1,\"icon\":\"fa fa-tv\",\"id\":\"1461990613021151233\",\"keepAlive\":1,\"menuType\":0,\"modifiedBy\":\"1425004256210038785\",\"parentId\":\"0\",\"path\":\"\",\"requireAuth\":1,\"sort\":100.0,\"title\":\"系统监控\"},{\"code\":\"system:user:delete\",\"createBy\":\"1425004256210038785\",\"enabled\":1,\"gmtCreate\":1665878400000,\"hidden\":1,\"id\":\"1581603052624494594\",\"menuType\":2,\"parentId\":\"1425384255047946241\",\"requireAuth\":1,\"sort\":4.0,\"title\":\"删除用户\"},{\"code\":\"system:menu:delete\",\"createBy\":\"1425004256210038785\",\"enabled\":——内容过长，以下内容已经忽略...', 3, NULL, 'Chrome 105');
INSERT INTO `sys_log` VALUES ('获取左侧菜单树', 'mornd(gitee)', 'com.mornd.system.controller.PermissionController.getLeftTree', '2022-10-26 00:23:36', 16, '127.0.0.1', '/dataView/permission/leftTree', '内网IP', NULL, 'Windows 10', '{\"code\":200,\"data\":[{\"children\":[{\"code\":\"system:user\",\"component\":\"system/user/UserList\",\"enabled\":1,\"icon\":\"fa fa-user\",\"id\":\"1425384255047946241\",\"keepAlive\":1,\"menuType\":1,\"parentId\":\"1425381271220101122\",\"path\":\"/system/user\",\"sort\":1.0,\"title\":\"用户管理\"},{\"code\":\"system:role\",\"component\":\"system/role/RoleList\",\"enabled\":1,\"icon\":\"fa fa-user-secret\",\"id\":\"1425384412992856065\",\"keepAlive\":1,\"menuType\":1,\"parentId\":\"1425381271220101122\",\"path\":\"/system/role\",\"sort\":2.0,\"title\":\"角色管理\"},{\"code\":\"system:menu\",\"component\":\"system/permission/PermissionList\",\"enabled\":1,\"icon\":\"fa fa-bars\",\"id\":\"1425384413584252930\",\"keepAlive\":1,\"menuType\":1,\"parentId\":\"1425381271220101122\",\"path\":\"/system/permission\",\"sort\":3.0,\"title\":\"菜单管理\"}],\"code\":\"system\",\"enabled\":1,\"icon\":\"fa fa-gear\",\"id\":\"1425381271220101122\",\"menuType\":0,\"parentId\":\"0\",\"path\":\"\",\"sort\":3.0,\"title\":\"系统管理\"},{\"children\":[{\"code\":\"systemMonitor:sysLog\",\"component\":\"monitor/log/LogList\",\"enabled\":1,\"icon\":\"fa fa-camera\",\"id\":\"14869844——内容过长，以下内容已经忽略...', 3, NULL, 'Chrome 105');
INSERT INTO `sys_log` VALUES ('获取菜单列表', 'mornd(gitee)', 'com.mornd.system.controller.PermissionController.tableTree', '2022-10-26 00:23:37', 19, '127.0.0.1', '/dataView/permission/tableTree', '内网IP', NULL, 'Windows 10', '{\"code\":200,\"data\":[{\"children\":[{\"children\":[{\"code\":\"system:user:add\",\"createBy\":\"1425004256210038785\",\"enabled\":1,\"gmtCreate\":1665918483000,\"hidden\":1,\"id\":\"1581602868477771778\",\"menuType\":2,\"parentId\":\"1425384255047946241\",\"requireAuth\":1,\"sort\":2.0,\"title\":\"新增用户\"},{\"code\":\"system:user:update\",\"createBy\":\"1425004256210038785\",\"enabled\":1,\"gmtCreate\":1665918506000,\"hidden\":1,\"id\":\"1581602962446958593\",\"menuType\":2,\"parentId\":\"1425384255047946241\",\"requireAuth\":1,\"sort\":3.0,\"title\":\"修改用户\"},{\"code\":\"system:user:delete\",\"createBy\":\"1425004256210038785\",\"enabled\":1,\"gmtCreate\":1665918527000,\"hidden\":1,\"id\":\"1581603052624494594\",\"menuType\":2,\"parentId\":\"1425384255047946241\",\"requireAuth\":1,\"sort\":4.0,\"title\":\"删除用户\"},{\"code\":\"system:user:changeStatus\",\"createBy\":\"1425004256210038785\",\"enabled\":1,\"gmtCreate\":1665923039000,\"hidden\":1,\"id\":\"1581621978532102146\",\"menuType\":2,\"parentId\":\"1425384255047946241\",\"requireAuth\":1,\"sort\":5.0,\"title\":\"用户状态修改\"}],\"code\":\"system:user\",\"component\":\"system——内容过长，以下内容已经忽略...', 3, NULL, 'Chrome 105');
INSERT INTO `sys_log` VALUES ('获取用户列表', 'mornd(gitee)', 'com.mornd.system.controller.UserController.pageList', '2022-10-26 00:24:06', 17, '127.0.0.1', '/dataView/sysUser', '内网IP', '[{\"pageNo\":1,\"pageSize\":10}]', 'Windows 10', '{\"code\":200,\"data\":{\"current\":1,\"hitCount\":false,\"optimizeCountSql\":true,\"orders\":[],\"pages\":2,\"records\":[{\"avatar\":\"/profile\\\\avatar\\\\258d4a8b-8c0b-4df6-89b3-057aa73d23f8.jpg\",\"birthday\":-6311289600000,\"email\":\"tom@163.com\",\"gender\":1,\"gmtCreate\":1628524800000,\"id\":\"1425004256210038785\",\"loginName\":\"tom\",\"phone\":\"18270917877\",\"realName\":\"小杨2\",\"status\":1},{\"avatar\":\"\",\"birthday\":897840000000,\"email\":\"\",\"gender\":0,\"gmtCreate\":1631548800000,\"id\":\"1\",\"loginName\":\"jack\",\"phone\":\"\",\"realName\":\" 小晨\",\"status\":1},{\"avatar\":\"http://r67xhbta9.hn-bkt.clouddn.com/20220127081625_1483764958705852417.jpg\",\"birthday\":1088092800000,\"email\":\"222@qq.com\",\"gender\":1,\"gmtCreate\":1642521600000,\"id\":\"1483764958705852417\",\"loginName\":\"www\",\"phone\":\"15825652541\",\"realName\":\"2222\",\"status\":1},{\"birthday\":1641225600000,\"gender\":0,\"gmtCreate\":1642608000000,\"id\":\"1484059335881662465\",\"loginName\":\"尊敬的弗拉基米尔伯爵二世\",\"realName\":\"尊敬的弗拉基米尔伯爵\",\"status\":1},{\"gender\":1,\"gmtCreate\":1643022342000,\"id\":\"1485569489789837313\",\"log——内容过长，以下内容已经忽略...', 3, NULL, 'Chrome 105');
INSERT INTO `sys_log` VALUES ('获取当前登录用户信息', 'mornd(gitee)', 'com.mornd.system.controller.UserController.getUserInfo', '2022-10-26 00:25:52', 0, '127.0.0.1', '/dataView/sysUser/getLoginUser', '内网IP', NULL, 'Windows 10', '{\"code\":200,\"data\":{\"avatar\":\"https://portrait.gitee.com/uploads/avatars/user/2617/7853024_mornd_1608529482.png\",\"id\":\"7853024\",\"loginName\":\"mornd\",\"permissions\":[{\"code\":\"system:user:update\",\"createBy\":\"1425004256210038785\",\"enabled\":1,\"gmtCreate\":1665878400000,\"hidden\":1,\"id\":\"1581602962446958593\",\"menuType\":2,\"parentId\":\"1425384255047946241\",\"requireAuth\":1,\"sort\":3.0,\"title\":\"修改用户\"},{\"code\":\"systemMonitor\",\"createBy\":\"1425004256210038785\",\"enabled\":1,\"gmtCreate\":1637366400000,\"gmtModified\":1665878400000,\"hidden\":1,\"icon\":\"fa fa-tv\",\"id\":\"1461990613021151233\",\"keepAlive\":1,\"menuType\":0,\"modifiedBy\":\"1425004256210038785\",\"parentId\":\"0\",\"path\":\"\",\"requireAuth\":1,\"sort\":100.0,\"title\":\"系统监控\"},{\"code\":\"system:user:delete\",\"createBy\":\"1425004256210038785\",\"enabled\":1,\"gmtCreate\":1665878400000,\"hidden\":1,\"id\":\"1581603052624494594\",\"menuType\":2,\"parentId\":\"1425384255047946241\",\"requireAuth\":1,\"sort\":4.0,\"title\":\"删除用户\"},{\"code\":\"system:menu:delete\",\"createBy\":\"1425004256210038785\",\"enabled\":——内容过长，以下内容已经忽略...', 3, NULL, 'Chrome 105');
INSERT INTO `sys_log` VALUES ('获取左侧菜单树', 'mornd(gitee)', 'com.mornd.system.controller.PermissionController.getLeftTree', '2022-10-26 00:25:52', 16, '127.0.0.1', '/dataView/permission/leftTree', '内网IP', NULL, 'Windows 10', '{\"code\":200,\"data\":[{\"children\":[{\"code\":\"system:user\",\"component\":\"system/user/UserList\",\"enabled\":1,\"icon\":\"fa fa-user\",\"id\":\"1425384255047946241\",\"keepAlive\":1,\"menuType\":1,\"parentId\":\"1425381271220101122\",\"path\":\"/system/user\",\"sort\":1.0,\"title\":\"用户管理\"},{\"code\":\"system:role\",\"component\":\"system/role/RoleList\",\"enabled\":1,\"icon\":\"fa fa-user-secret\",\"id\":\"1425384412992856065\",\"keepAlive\":1,\"menuType\":1,\"parentId\":\"1425381271220101122\",\"path\":\"/system/role\",\"sort\":2.0,\"title\":\"角色管理\"},{\"code\":\"system:menu\",\"component\":\"system/permission/PermissionList\",\"enabled\":1,\"icon\":\"fa fa-bars\",\"id\":\"1425384413584252930\",\"keepAlive\":1,\"menuType\":1,\"parentId\":\"1425381271220101122\",\"path\":\"/system/permission\",\"sort\":3.0,\"title\":\"菜单管理\"}],\"code\":\"system\",\"enabled\":1,\"icon\":\"fa fa-gear\",\"id\":\"1425381271220101122\",\"menuType\":0,\"parentId\":\"0\",\"path\":\"\",\"sort\":3.0,\"title\":\"系统管理\"},{\"children\":[{\"code\":\"systemMonitor:sysLog\",\"component\":\"monitor/log/LogList\",\"enabled\":1,\"icon\":\"fa fa-camera\",\"id\":\"14869844——内容过长，以下内容已经忽略...', 3, NULL, 'Chrome 105');
INSERT INTO `sys_log` VALUES ('获取用户列表', 'mornd(gitee)', 'com.mornd.system.controller.UserController.pageList', '2022-10-26 00:25:53', 33, '127.0.0.1', '/dataView/sysUser', '内网IP', '[{\"pageNo\":1,\"pageSize\":10}]', 'Windows 10', '{\"code\":200,\"data\":{\"current\":1,\"hitCount\":false,\"optimizeCountSql\":true,\"orders\":[],\"pages\":2,\"records\":[{\"avatar\":\"/profile\\\\avatar\\\\258d4a8b-8c0b-4df6-89b3-057aa73d23f8.jpg\",\"birthday\":-6311289600000,\"email\":\"tom@163.com\",\"gender\":1,\"gmtCreate\":1628524800000,\"id\":\"1425004256210038785\",\"loginName\":\"tom\",\"phone\":\"18270917877\",\"realName\":\"小杨2\",\"status\":1},{\"avatar\":\"\",\"birthday\":897840000000,\"email\":\"\",\"gender\":0,\"gmtCreate\":1631548800000,\"id\":\"1\",\"loginName\":\"jack\",\"phone\":\"\",\"realName\":\" 小晨\",\"status\":1},{\"avatar\":\"http://r67xhbta9.hn-bkt.clouddn.com/20220127081625_1483764958705852417.jpg\",\"birthday\":1088092800000,\"email\":\"222@qq.com\",\"gender\":1,\"gmtCreate\":1642521600000,\"id\":\"1483764958705852417\",\"loginName\":\"www\",\"phone\":\"15825652541\",\"realName\":\"2222\",\"status\":1},{\"birthday\":1641225600000,\"gender\":0,\"gmtCreate\":1642608000000,\"id\":\"1484059335881662465\",\"loginName\":\"尊敬的弗拉基米尔伯爵二世\",\"realName\":\"尊敬的弗拉基米尔伯爵\",\"status\":1},{\"gender\":1,\"gmtCreate\":1643022342000,\"id\":\"1485569489789837313\",\"log——内容过长，以下内容已经忽略...', 3, NULL, 'Chrome 105');
INSERT INTO `sys_log` VALUES ('获取当前登录用户信息', 'mornd(gitee)', 'com.mornd.system.controller.UserController.getUserInfo', '2022-10-26 00:28:15', 1, '127.0.0.1', '/dataView/sysUser/getLoginUser', '内网IP', NULL, 'Windows 10', '{\"code\":200,\"data\":{\"avatar\":\"https://portrait.gitee.com/uploads/avatars/user/2617/7853024_mornd_1608529482.png\",\"id\":\"7853024\",\"loginName\":\"mornd\",\"permissions\":[{\"code\":\"system:user:update\",\"createBy\":\"1425004256210038785\",\"enabled\":1,\"gmtCreate\":1665878400000,\"hidden\":1,\"id\":\"1581602962446958593\",\"menuType\":2,\"parentId\":\"1425384255047946241\",\"requireAuth\":1,\"sort\":3.0,\"title\":\"修改用户\"},{\"code\":\"systemMonitor\",\"createBy\":\"1425004256210038785\",\"enabled\":1,\"gmtCreate\":1637366400000,\"gmtModified\":1665878400000,\"hidden\":1,\"icon\":\"fa fa-tv\",\"id\":\"1461990613021151233\",\"keepAlive\":1,\"menuType\":0,\"modifiedBy\":\"1425004256210038785\",\"parentId\":\"0\",\"path\":\"\",\"requireAuth\":1,\"sort\":100.0,\"title\":\"系统监控\"},{\"code\":\"system:user:delete\",\"createBy\":\"1425004256210038785\",\"enabled\":1,\"gmtCreate\":1665878400000,\"hidden\":1,\"id\":\"1581603052624494594\",\"menuType\":2,\"parentId\":\"1425384255047946241\",\"requireAuth\":1,\"sort\":4.0,\"title\":\"删除用户\"},{\"code\":\"system:menu:delete\",\"createBy\":\"1425004256210038785\",\"enabled\":——内容过长，以下内容已经忽略...', 3, NULL, 'Chrome 105');
INSERT INTO `sys_log` VALUES ('获取左侧菜单树', 'mornd(gitee)', 'com.mornd.system.controller.PermissionController.getLeftTree', '2022-10-26 00:28:15', 17, '127.0.0.1', '/dataView/permission/leftTree', '内网IP', NULL, 'Windows 10', '{\"code\":200,\"data\":[{\"children\":[{\"code\":\"system:user\",\"component\":\"system/user/UserList\",\"enabled\":1,\"icon\":\"fa fa-user\",\"id\":\"1425384255047946241\",\"keepAlive\":1,\"menuType\":1,\"parentId\":\"1425381271220101122\",\"path\":\"/system/user\",\"sort\":1.0,\"title\":\"用户管理\"},{\"code\":\"system:role\",\"component\":\"system/role/RoleList\",\"enabled\":1,\"icon\":\"fa fa-user-secret\",\"id\":\"1425384412992856065\",\"keepAlive\":1,\"menuType\":1,\"parentId\":\"1425381271220101122\",\"path\":\"/system/role\",\"sort\":2.0,\"title\":\"角色管理\"},{\"code\":\"system:menu\",\"component\":\"system/permission/PermissionList\",\"enabled\":1,\"icon\":\"fa fa-bars\",\"id\":\"1425384413584252930\",\"keepAlive\":1,\"menuType\":1,\"parentId\":\"1425381271220101122\",\"path\":\"/system/permission\",\"sort\":3.0,\"title\":\"菜单管理\"}],\"code\":\"system\",\"enabled\":1,\"icon\":\"fa fa-gear\",\"id\":\"1425381271220101122\",\"menuType\":0,\"parentId\":\"0\",\"path\":\"\",\"sort\":3.0,\"title\":\"系统管理\"},{\"children\":[{\"code\":\"systemMonitor:sysLog\",\"component\":\"monitor/log/LogList\",\"enabled\":1,\"icon\":\"fa fa-camera\",\"id\":\"14869844——内容过长，以下内容已经忽略...', 3, NULL, 'Chrome 105');
INSERT INTO `sys_log` VALUES ('获取当前登录用户信息', 'mornd(gitee)', 'com.mornd.system.controller.UserController.getUserInfo', '2022-10-26 00:29:44', 1, '127.0.0.1', '/dataView/sysUser/getLoginUser', '内网IP', NULL, 'Windows 10', '{\"code\":200,\"data\":{\"avatar\":\"https://portrait.gitee.com/uploads/avatars/user/2617/7853024_mornd_1608529482.png\",\"id\":\"7853024\",\"loginName\":\"mornd\",\"permissions\":[{\"code\":\"system:user:update\",\"createBy\":\"1425004256210038785\",\"enabled\":1,\"gmtCreate\":1665878400000,\"hidden\":1,\"id\":\"1581602962446958593\",\"menuType\":2,\"parentId\":\"1425384255047946241\",\"requireAuth\":1,\"sort\":3.0,\"title\":\"修改用户\"},{\"code\":\"systemMonitor\",\"createBy\":\"1425004256210038785\",\"enabled\":1,\"gmtCreate\":1637366400000,\"gmtModified\":1665878400000,\"hidden\":1,\"icon\":\"fa fa-tv\",\"id\":\"1461990613021151233\",\"keepAlive\":1,\"menuType\":0,\"modifiedBy\":\"1425004256210038785\",\"parentId\":\"0\",\"path\":\"\",\"requireAuth\":1,\"sort\":100.0,\"title\":\"系统监控\"},{\"code\":\"system:user:delete\",\"createBy\":\"1425004256210038785\",\"enabled\":1,\"gmtCreate\":1665878400000,\"hidden\":1,\"id\":\"1581603052624494594\",\"menuType\":2,\"parentId\":\"1425384255047946241\",\"requireAuth\":1,\"sort\":4.0,\"title\":\"删除用户\"},{\"code\":\"system:menu:delete\",\"createBy\":\"1425004256210038785\",\"enabled\":——内容过长，以下内容已经忽略...', 3, NULL, 'Chrome 105');
INSERT INTO `sys_log` VALUES ('获取当前登录用户信息', 'mornd(gitee)', 'com.mornd.system.controller.UserController.getUserInfo', '2022-10-26 00:29:49', 0, '127.0.0.1', '/dataView/sysUser/getLoginUser', '内网IP', NULL, 'Windows 10', '{\"code\":200,\"data\":{\"avatar\":\"https://portrait.gitee.com/uploads/avatars/user/2617/7853024_mornd_1608529482.png\",\"id\":\"7853024\",\"loginName\":\"mornd\",\"permissions\":[{\"code\":\"system:user:update\",\"createBy\":\"1425004256210038785\",\"enabled\":1,\"gmtCreate\":1665878400000,\"hidden\":1,\"id\":\"1581602962446958593\",\"menuType\":2,\"parentId\":\"1425384255047946241\",\"requireAuth\":1,\"sort\":3.0,\"title\":\"修改用户\"},{\"code\":\"systemMonitor\",\"createBy\":\"1425004256210038785\",\"enabled\":1,\"gmtCreate\":1637366400000,\"gmtModified\":1665878400000,\"hidden\":1,\"icon\":\"fa fa-tv\",\"id\":\"1461990613021151233\",\"keepAlive\":1,\"menuType\":0,\"modifiedBy\":\"1425004256210038785\",\"parentId\":\"0\",\"path\":\"\",\"requireAuth\":1,\"sort\":100.0,\"title\":\"系统监控\"},{\"code\":\"system:user:delete\",\"createBy\":\"1425004256210038785\",\"enabled\":1,\"gmtCreate\":1665878400000,\"hidden\":1,\"id\":\"1581603052624494594\",\"menuType\":2,\"parentId\":\"1425384255047946241\",\"requireAuth\":1,\"sort\":4.0,\"title\":\"删除用户\"},{\"code\":\"system:menu:delete\",\"createBy\":\"1425004256210038785\",\"enabled\":——内容过长，以下内容已经忽略...', 3, NULL, 'Chrome 105');
INSERT INTO `sys_log` VALUES ('获取左侧菜单树', 'mornd(gitee)', 'com.mornd.system.controller.PermissionController.getLeftTree', '2022-10-26 00:29:49', 20, '127.0.0.1', '/dataView/permission/leftTree', '内网IP', NULL, 'Windows 10', '{\"code\":200,\"data\":[{\"children\":[{\"code\":\"system:user\",\"component\":\"system/user/UserList\",\"enabled\":1,\"icon\":\"fa fa-user\",\"id\":\"1425384255047946241\",\"keepAlive\":1,\"menuType\":1,\"parentId\":\"1425381271220101122\",\"path\":\"/system/user\",\"sort\":1.0,\"title\":\"用户管理\"},{\"code\":\"system:role\",\"component\":\"system/role/RoleList\",\"enabled\":1,\"icon\":\"fa fa-user-secret\",\"id\":\"1425384412992856065\",\"keepAlive\":1,\"menuType\":1,\"parentId\":\"1425381271220101122\",\"path\":\"/system/role\",\"sort\":2.0,\"title\":\"角色管理\"},{\"code\":\"system:menu\",\"component\":\"system/permission/PermissionList\",\"enabled\":1,\"icon\":\"fa fa-bars\",\"id\":\"1425384413584252930\",\"keepAlive\":1,\"menuType\":1,\"parentId\":\"1425381271220101122\",\"path\":\"/system/permission\",\"sort\":3.0,\"title\":\"菜单管理\"}],\"code\":\"system\",\"enabled\":1,\"icon\":\"fa fa-gear\",\"id\":\"1425381271220101122\",\"menuType\":0,\"parentId\":\"0\",\"path\":\"\",\"sort\":3.0,\"title\":\"系统管理\"},{\"children\":[{\"code\":\"systemMonitor:sysLog\",\"component\":\"monitor/log/LogList\",\"enabled\":1,\"icon\":\"fa fa-camera\",\"id\":\"14869844——内容过长，以下内容已经忽略...', 3, NULL, 'Chrome 105');

-- ----------------------------
-- Table structure for sys_permission
-- ----------------------------
DROP TABLE IF EXISTS `sys_permission`;
CREATE TABLE `sys_permission`  (
                                   `id` varchar(40) CHARACTER SET utf8 COLLATE utf8_general_ci NOT NULL COMMENT '主键',
                                   `parent_id` varchar(40) CHARACTER SET utf8 COLLATE utf8_general_ci NOT NULL COMMENT '父id',
                                   `title` varchar(20) CHARACTER SET utf8 COLLATE utf8_general_ci NOT NULL COMMENT '菜单标题',
                                   `path` varchar(50) CHARACTER SET utf8 COLLATE utf8_general_ci NULL DEFAULT NULL COMMENT '前端路由对象path值',
                                   `component` varchar(50) CHARACTER SET utf8 COLLATE utf8_general_ci NULL DEFAULT NULL COMMENT '前端路由对象component组件路径(无需加’/‘)',
                                   `icon` varchar(50) CHARACTER SET utf8 COLLATE utf8_general_ci NULL DEFAULT NULL COMMENT '菜单图标',
                                   `sort` double NOT NULL COMMENT '菜单排序',
                                   `keep_alive` tinyint(1) NULL DEFAULT NULL COMMENT '是否保持激活(0：否 1：是)',
                                   `require_auth` tinyint(1) NULL DEFAULT 1 COMMENT '是否要求权限(0:否 1:是)',
                                   `enabled` tinyint(1) NULL DEFAULT 1 COMMENT '是否启用(1：启用0：禁用)',
                                   `hidden` tinyint(1) NULL DEFAULT 1 COMMENT '是否隐藏菜单(0：隐藏，1：显示)',
                                   `menu_type` tinyint(1) NULL DEFAULT NULL COMMENT '菜单类型(0:一级菜单;1:子菜单;2:按钮权限)',
                                   `gmt_create` datetime NULL DEFAULT NULL COMMENT '创建时间',
                                   `create_by` varchar(40) CHARACTER SET utf8 COLLATE utf8_general_ci NULL DEFAULT NULL COMMENT '创建人',
                                   `gmt_modified` datetime NULL DEFAULT NULL COMMENT '修改时间',
                                   `modified_by` varchar(40) CHARACTER SET utf8 COLLATE utf8_general_ci NULL DEFAULT NULL COMMENT '修改人',
                                   `del_flag` tinyint(1) NULL DEFAULT 1 COMMENT '逻辑删除',
                                   `code` varchar(50) CHARACTER SET utf8 COLLATE utf8_general_ci NULL DEFAULT NULL COMMENT '权限编码',
                                   `name` varchar(50) CHARACTER SET utf8 COLLATE utf8_general_ci NULL DEFAULT NULL COMMENT '前端路由对象name值(已用title字段替代)',
                                   PRIMARY KEY (`id`) USING BTREE
) ENGINE = InnoDB CHARACTER SET = utf8 COLLATE = utf8_general_ci ROW_FORMAT = Dynamic;

-- ----------------------------
-- Records of sys_permission
-- ----------------------------
INSERT INTO `sys_permission` VALUES ('1425381271220101122', '0', '系统管理', '', NULL, 'fa fa-gear', 3, NULL, 1, 1, 1, 0, '2021-08-11 17:20:45', NULL, '2022-05-03 02:24:54', '1425004256210038785', 1, 'system', '系统管理');
INSERT INTO `sys_permission` VALUES ('1425384255047946241', '1425381271220101122', '用户管理', '/system/user', 'system/user/UserList', 'fa fa-user', 1, 1, 1, 1, 1, 1, '2021-08-11 00:00:00', NULL, '2022-10-16 19:00:58', '1425004256210038785', 1, 'system:user', '用户管理');
INSERT INTO `sys_permission` VALUES ('1425384412992856065', '1425381271220101122', '角色管理', '/system/role', 'system/role/RoleList', 'fa fa-user-secret', 2, 1, 1, 1, 1, 1, '2022-01-05 00:00:00', NULL, '2022-10-20 23:36:59', '1425004256210038785', 1, 'system:role', '角色管理');
INSERT INTO `sys_permission` VALUES ('1425384413584252930', '1425381271220101122', '菜单管理', '/system/permission', 'system/permission/PermissionList', 'fa fa-bars', 3, 1, 1, 1, 1, 1, '2022-01-05 00:00:00', NULL, '2022-10-20 23:37:39', '1425004256210038785', 1, 'system:menu', '菜单管理');
INSERT INTO `sys_permission` VALUES ('1461990613021151233', '0', '系统监控', '', NULL, 'fa fa-tv', 100, 1, 1, 1, 1, 0, '2021-11-20 17:31:38', '1425004256210038785', '2022-10-16 19:21:01', '1425004256210038785', 1, 'systemMonitor', '系统监控');
INSERT INTO `sys_permission` VALUES ('1462047178541559809', '1425384413584252930', '新增菜单', '', NULL, NULL, 2, NULL, 1, 1, 1, 2, '2021-11-20 21:16:26', '1425004256210038785', '2022-10-16 19:04:56', '1425004256210038785', 1, 'system:menu:add', '新增菜单');
INSERT INTO `sys_permission` VALUES ('1463297492196085761', '1461990613021151233', 'driud监控', 'monitor/druid', 'monitor/druid/index', 'fa fa-database', 3, 1, 1, 1, 1, 1, '2021-11-24 00:00:00', '1425004256210038785', '2022-10-21 19:51:12', '1425004256210038785', 1, 'duridMonitoring', 'driud监控');
INSERT INTO `sys_permission` VALUES ('1486984444607004673', '1461990613021151233', '操作日志', 'monitor/log', 'monitor/log/LogList', 'fa fa-camera', 1, 1, 1, 1, 1, 1, '2022-01-28 00:00:00', '1425004256210038785', '2022-10-16 19:20:48', '1425004256210038785', 1, 'systemMonitor:sysLog', NULL);
INSERT INTO `sys_permission` VALUES ('1581601424831889410', '1425384413584252930', '修改菜单', NULL, NULL, NULL, 3, NULL, 1, 1, 1, 2, '2022-10-16 19:02:19', '1425004256210038785', '2022-10-16 19:05:09', '1425004256210038785', 1, 'system:menu:update', NULL);
INSERT INTO `sys_permission` VALUES ('1581601696417267713', '1425384413584252930', '删除菜单', NULL, NULL, NULL, 4, NULL, 1, 1, 1, 2, '2022-10-16 19:03:24', '1425004256210038785', '2022-10-16 19:05:16', '1425004256210038785', 1, 'system:menu:delete', NULL);
INSERT INTO `sys_permission` VALUES ('1581602868477771778', '1425384255047946241', '新增用户', NULL, NULL, NULL, 2, NULL, 1, 1, 1, 2, '2022-10-16 19:08:03', '1425004256210038785', NULL, NULL, 1, 'system:user:add', NULL);
INSERT INTO `sys_permission` VALUES ('1581602962446958593', '1425384255047946241', '修改用户', NULL, NULL, NULL, 3, NULL, 1, 1, 1, 2, '2022-10-16 19:08:26', '1425004256210038785', NULL, NULL, 1, 'system:user:update', NULL);
INSERT INTO `sys_permission` VALUES ('1581603052624494594', '1425384255047946241', '删除用户', NULL, NULL, NULL, 4, NULL, 1, 1, 1, 2, '2022-10-16 19:08:47', '1425004256210038785', NULL, NULL, 1, 'system:user:delete', NULL);
INSERT INTO `sys_permission` VALUES ('1581603401271820290', '1425384412992856065', '角色添加', NULL, NULL, NULL, 2, NULL, 1, 1, 1, 2, '2022-10-16 19:10:10', '1425004256210038785', NULL, NULL, 1, 'system:role:add', NULL);
INSERT INTO `sys_permission` VALUES ('1581603490417557506', '1425384412992856065', '角色修改', NULL, NULL, NULL, 3, NULL, 1, 1, 1, 2, '2022-10-16 19:10:32', '1425004256210038785', NULL, NULL, 1, 'system:role:update', NULL);
INSERT INTO `sys_permission` VALUES ('1581603638262579201', '1425384412992856065', '角色删除', NULL, NULL, NULL, 4, NULL, 1, 1, 1, 2, '2022-10-16 19:11:07', '1425004256210038785', NULL, NULL, 1, 'system:role:delete', NULL);
INSERT INTO `sys_permission` VALUES ('1581607834781171714', '1486984444607004673', '日志清空', NULL, NULL, NULL, 1, NULL, 1, 1, 1, 2, '2022-10-16 19:27:47', '1425004256210038785', NULL, NULL, 1, 'systemMonitor:sysLog:clear', NULL);
INSERT INTO `sys_permission` VALUES ('1581621978532102146', '1425384255047946241', '用户状态修改', NULL, NULL, NULL, 5, NULL, 1, 1, 1, 2, '2022-10-16 20:23:59', '1425004256210038785', NULL, NULL, 1, 'system:user:changeStatus', NULL);
INSERT INTO `sys_permission` VALUES ('1582756101220888578', '1461990613021151233', '在线用户', 'monitor/online', 'monitor/online/OnlineList', 'fa fa-group', 2, 1, 1, 1, 1, 1, '2022-10-19 00:00:00', '1425004256210038785', '2022-10-20 21:21:38', '1425004256210038785', 1, 'onlineUser', NULL);
INSERT INTO `sys_permission` VALUES ('1583049737108144129', '1582756101220888578', '强退在线用户', NULL, NULL, NULL, 1, NULL, 1, 1, 1, 2, '2022-10-20 18:57:24', '1', '2022-10-20 23:40:06', '1425004256210038785', 1, 'onlineUser:kick', NULL);

-- ----------------------------
-- Table structure for sys_role
-- ----------------------------
DROP TABLE IF EXISTS `sys_role`;
CREATE TABLE `sys_role`  (
                             `id` varchar(50) CHARACTER SET utf8 COLLATE utf8_general_ci NOT NULL COMMENT '主键',
                             `code` varchar(20) CHARACTER SET utf8 COLLATE utf8_general_ci NULL DEFAULT NULL COMMENT '角色码',
                             `name` varchar(255) CHARACTER SET utf8 COLLATE utf8_general_ci NULL DEFAULT NULL COMMENT '角色名称',
                             `enabled` tinyint(1) NULL DEFAULT 1 COMMENT '是否启用0：禁用1：启用',
                             `remark` varchar(50) CHARACTER SET utf8 COLLATE utf8_general_ci NULL DEFAULT NULL COMMENT '备注',
                             `gmt_create` datetime NULL DEFAULT NULL,
                             `create_by` varchar(40) CHARACTER SET utf8 COLLATE utf8_general_ci NULL DEFAULT NULL,
                             `gmt_modified` datetime NULL DEFAULT NULL,
                             `modified_by` varchar(40) CHARACTER SET utf8 COLLATE utf8_general_ci NULL DEFAULT NULL,
                             `del_flag` tinyint(1) NULL DEFAULT 1,
                             `version` bigint NULL DEFAULT NULL,
                             `sort` int NOT NULL COMMENT '排序',
                             PRIMARY KEY (`id`) USING BTREE
) ENGINE = InnoDB CHARACTER SET = utf8 COLLATE = utf8_general_ci ROW_FORMAT = Dynamic;

-- ----------------------------
-- Records of sys_role
-- ----------------------------
INSERT INTO `sys_role` VALUES ('1', 'user', '用户', 1, NULL, '2022-01-05 00:00:00', NULL, NULL, NULL, 1, NULL, 4);
INSERT INTO `sys_role` VALUES ('1425011630752735234', 'super_admin', '超级管理员', 1, 'superAdmin！！！', '2022-01-05 00:00:00', NULL, '2022-01-11 08:58:46', '1425004256210038785', 1, NULL, 1);
INSERT INTO `sys_role` VALUES ('1479338174086205442', 'admin', '管理员', 1, NULL, '2022-01-07 00:00:00', '1425004256210038785', '2022-05-03 02:24:25', '1425004256210038785', 1, NULL, 2);
INSERT INTO `sys_role` VALUES ('1484006551870251010', 'test', '测试', 1, NULL, '2022-01-20 00:00:00', '1425004256210038785', '2022-01-20 16:56:05', '1425004256210038785', 1, NULL, 4);
INSERT INTO `sys_role` VALUES ('1484006672313884673', 'guest', '游客', 1, NULL, '2022-01-04 00:00:00', '1425004256210038785', '2022-01-20 16:56:13', '1425004256210038785', 1, NULL, 4);
INSERT INTO `sys_role` VALUES ('1484007600303644673', 'ghost', '无业游民', 0, '？', '2022-01-20 00:00:00', '1425004256210038785', '2022-01-20 17:06:13', '1425004256210038785', 1, NULL, 10);
INSERT INTO `sys_role` VALUES ('1484007915195211778', 'geek', '极客', 1, NULL, '2022-01-20 11:40:33', '1425004256210038785', NULL, NULL, 1, NULL, 11);
INSERT INTO `sys_role` VALUES ('1484008013073489921', 'BountyHunter', '赏金猎人', 1, NULL, '2022-01-20 11:40:57', '1425004256210038785', NULL, NULL, 1, NULL, 12);
INSERT INTO `sys_role` VALUES ('1484008120518975489', 'gunner', '枪手', 1, NULL, '2022-01-20 11:41:22', '1425004256210038785', NULL, NULL, 1, NULL, 13);
INSERT INTO `sys_role` VALUES ('1484008292372193281', 'priate', '海盗', 1, NULL, '2022-01-20 11:42:03', '1425004256210038785', NULL, NULL, 1, NULL, 14);
INSERT INTO `sys_role` VALUES ('1484008391340990466', 'razor', '剃刀党', 1, NULL, '2022-01-20 11:42:27', '1425004256210038785', NULL, NULL, 1, NULL, 15);
INSERT INTO `sys_role` VALUES ('1484069473107582977', 'security staff', '保安', 1, NULL, '2022-01-20 15:45:10', '1425004256210038785', NULL, NULL, 1, NULL, 12);
INSERT INTO `sys_role` VALUES ('1584907057962328066', 'gitee', 'gitee用户', 1, 'gitee用户访问默认角色', '2022-10-25 00:00:00', '7853024', '2022-10-25 21:58:15', '7853024', 1, NULL, 1);

-- ----------------------------
-- Table structure for sys_role_permission
-- ----------------------------
DROP TABLE IF EXISTS `sys_role_permission`;
CREATE TABLE `sys_role_permission`  (
                                        `role_id` varchar(40) CHARACTER SET utf8 COLLATE utf8_general_ci NULL DEFAULT NULL,
                                        `per_id` varchar(40) CHARACTER SET utf8 COLLATE utf8_general_ci NULL DEFAULT NULL,
                                        `gmt_create` datetime NULL DEFAULT NULL
) ENGINE = InnoDB CHARACTER SET = utf8 COLLATE = utf8_general_ci ROW_FORMAT = Dynamic;

-- ----------------------------
-- Records of sys_role_permission
-- ----------------------------
INSERT INTO `sys_role_permission` VALUES ('1425011630752735234', '1425384413584252930', '2022-01-13 08:13:04');
INSERT INTO `sys_role_permission` VALUES ('1425011630752735234', '1461990613021151233', '2022-01-13 08:13:04');
INSERT INTO `sys_role_permission` VALUES ('1425011630752735234', '1425381271220101122', '2022-01-13 08:13:04');
INSERT INTO `sys_role_permission` VALUES ('1425011630752735234', '1463297492196085761', '2022-01-13 08:13:04');
INSERT INTO `sys_role_permission` VALUES ('1425011630752735234', '1425384255047946241', '2022-01-13 08:13:04');
INSERT INTO `sys_role_permission` VALUES ('1425011630752735234', '1462047178541559809', '2022-01-13 08:13:04');
INSERT INTO `sys_role_permission` VALUES ('1425011630752735234', '1425384412992856065', '2022-01-13 08:13:04');
INSERT INTO `sys_role_permission` VALUES ('1484008013073489921', '1425384413584252930', '2022-01-20 11:47:12');
INSERT INTO `sys_role_permission` VALUES ('1484008013073489921', '1425381271220101122', '2022-01-20 11:47:12');
INSERT INTO `sys_role_permission` VALUES ('1484008013073489921', '1462047178541559809', '2022-01-20 11:47:12');
INSERT INTO `sys_role_permission` VALUES ('1425011630752735234', '1486984444607004673', '2022-01-28 16:48:13');
INSERT INTO `sys_role_permission` VALUES ('1425011630752735234', '1581601424831889410', '2022-10-16 19:02:19');
INSERT INTO `sys_role_permission` VALUES ('1425011630752735234', '1581601696417267713', '2022-10-16 19:03:24');
INSERT INTO `sys_role_permission` VALUES ('1425011630752735234', '1581602868477771778', '2022-10-16 19:08:03');
INSERT INTO `sys_role_permission` VALUES ('1425011630752735234', '1581602962446958593', '2022-10-16 19:08:26');
INSERT INTO `sys_role_permission` VALUES ('1425011630752735234', '1581603052624494594', '2022-10-16 19:08:47');
INSERT INTO `sys_role_permission` VALUES ('1425011630752735234', '1581603401271820290', '2022-10-16 19:10:10');
INSERT INTO `sys_role_permission` VALUES ('1425011630752735234', '1581603490417557506', '2022-10-16 19:10:32');
INSERT INTO `sys_role_permission` VALUES ('1425011630752735234', '1581603638262579201', '2022-10-16 19:11:07');
INSERT INTO `sys_role_permission` VALUES ('1425011630752735234', '1581607834781171714', '2022-10-16 19:27:47');
INSERT INTO `sys_role_permission` VALUES ('1425011630752735234', '1581621978532102146', '2022-10-16 20:23:59');
INSERT INTO `sys_role_permission` VALUES ('1425011630752735234', '1582756101220888578', '2022-10-19 23:30:35');
INSERT INTO `sys_role_permission` VALUES ('1425011630752735234', '1583049737108144129', '2022-10-20 18:57:24');
INSERT INTO `sys_role_permission` VALUES ('1', '1425381271220101122', '2022-10-20 23:52:19');
INSERT INTO `sys_role_permission` VALUES ('1', '1425384255047946241', '2022-10-20 23:52:19');
INSERT INTO `sys_role_permission` VALUES ('1479338174086205442', '1425384413584252930', '2022-10-21 21:06:02');
INSERT INTO `sys_role_permission` VALUES ('1479338174086205442', '1461990613021151233', '2022-10-21 21:06:02');
INSERT INTO `sys_role_permission` VALUES ('1479338174086205442', '1425381271220101122', '2022-10-21 21:06:02');
INSERT INTO `sys_role_permission` VALUES ('1479338174086205442', '1463297492196085761', '2022-10-21 21:06:02');
INSERT INTO `sys_role_permission` VALUES ('1479338174086205442', '1425384255047946241', '2022-10-21 21:06:02');
INSERT INTO `sys_role_permission` VALUES ('1479338174086205442', '1425384412992856065', '2022-10-21 21:06:02');
INSERT INTO `sys_role_permission` VALUES ('1479338174086205442', '1486984444607004673', '2022-10-21 21:06:02');
INSERT INTO `sys_role_permission` VALUES ('1479338174086205442', '1582756101220888578', '2022-10-21 21:06:02');
INSERT INTO `sys_role_permission` VALUES ('1484006672313884673', '1425384413584252930', '2022-10-25 21:58:01');
INSERT INTO `sys_role_permission` VALUES ('1484006672313884673', '1461990613021151233', '2022-10-25 21:58:01');
INSERT INTO `sys_role_permission` VALUES ('1484006672313884673', '1425381271220101122', '2022-10-25 21:58:01');
INSERT INTO `sys_role_permission` VALUES ('1484006672313884673', '1463297492196085761', '2022-10-25 21:58:01');
INSERT INTO `sys_role_permission` VALUES ('1484006672313884673', '1425384255047946241', '2022-10-25 21:58:01');
INSERT INTO `sys_role_permission` VALUES ('1484006672313884673', '1425384412992856065', '2022-10-25 21:58:01');
INSERT INTO `sys_role_permission` VALUES ('1484006672313884673', '1486984444607004673', '2022-10-25 21:58:01');
INSERT INTO `sys_role_permission` VALUES ('1484006672313884673', '1582756101220888578', '2022-10-25 21:58:01');
INSERT INTO `sys_role_permission` VALUES ('1584907057962328066', '1461990613021151233', '2022-10-25 21:58:20');
INSERT INTO `sys_role_permission` VALUES ('1584907057962328066', '1425381271220101122', '2022-10-25 21:58:20');
INSERT INTO `sys_role_permission` VALUES ('1584907057962328066', '1581607834781171714', '2022-10-25 21:58:20');
INSERT INTO `sys_role_permission` VALUES ('1584907057962328066', '1425384255047946241', '2022-10-25 21:58:20');
INSERT INTO `sys_role_permission` VALUES ('1584907057962328066', '1581602868477771778', '2022-10-25 21:58:20');
INSERT INTO `sys_role_permission` VALUES ('1584907057962328066', '1425384412992856065', '2022-10-25 21:58:20');
INSERT INTO `sys_role_permission` VALUES ('1584907057962328066', '1581603052624494594', '2022-10-25 21:58:20');
INSERT INTO `sys_role_permission` VALUES ('1584907057962328066', '1582756101220888578', '2022-10-25 21:58:20');
INSERT INTO `sys_role_permission` VALUES ('1584907057962328066', '1425384413584252930', '2022-10-25 21:58:20');
INSERT INTO `sys_role_permission` VALUES ('1584907057962328066', '1581601696417267713', '2022-10-25 21:58:20');
INSERT INTO `sys_role_permission` VALUES ('1584907057962328066', '1581601424831889410', '2022-10-25 21:58:20');
INSERT INTO `sys_role_permission` VALUES ('1584907057962328066', '1583049737108144129', '2022-10-25 21:58:20');
INSERT INTO `sys_role_permission` VALUES ('1584907057962328066', '1581602962446958593', '2022-10-25 21:58:20');
INSERT INTO `sys_role_permission` VALUES ('1584907057962328066', '1463297492196085761', '2022-10-25 21:58:20');
INSERT INTO `sys_role_permission` VALUES ('1584907057962328066', '1581603638262579201', '2022-10-25 21:58:20');
INSERT INTO `sys_role_permission` VALUES ('1584907057962328066', '1462047178541559809', '2022-10-25 21:58:20');
INSERT INTO `sys_role_permission` VALUES ('1584907057962328066', '1581621978532102146', '2022-10-25 21:58:20');
INSERT INTO `sys_role_permission` VALUES ('1584907057962328066', '1486984444607004673', '2022-10-25 21:58:20');
INSERT INTO `sys_role_permission` VALUES ('1584907057962328066', '1581603401271820290', '2022-10-25 21:58:20');
INSERT INTO `sys_role_permission` VALUES ('1584907057962328066', '1581603490417557506', '2022-10-25 21:58:20');

-- ----------------------------
-- Table structure for sys_user
-- ----------------------------
DROP TABLE IF EXISTS `sys_user`;
CREATE TABLE `sys_user`  (
                             `id` varchar(50) CHARACTER SET utf8 COLLATE utf8_general_ci NOT NULL COMMENT '主键id',
                             `login_name` varchar(50) CHARACTER SET utf8 COLLATE utf8_general_ci NOT NULL COMMENT '登录名称',
                             `password` varchar(100) CHARACTER SET utf8 COLLATE utf8_general_ci NOT NULL COMMENT '密码',
                             `real_name` varchar(20) CHARACTER SET utf8 COLLATE utf8_general_ci NULL DEFAULT NULL COMMENT '真实姓名',
                             `gender` tinyint(1) NULL DEFAULT NULL COMMENT '性别0：女1：男',
                             `birthday` date NULL DEFAULT NULL COMMENT '生日',
                             `phone` varchar(11) CHARACTER SET utf8 COLLATE utf8_general_ci NULL DEFAULT NULL COMMENT '电话',
                             `status` tinyint(1) NULL DEFAULT 1 COMMENT '状态0：禁用1：正常',
                             `avatar` varchar(255) CHARACTER SET utf8 COLLATE utf8_general_ci NULL DEFAULT NULL COMMENT '头像',
                             `email` varchar(20) CHARACTER SET utf8 COLLATE utf8_general_ci NULL DEFAULT NULL COMMENT '邮箱',
                             `gmt_create` datetime NULL DEFAULT NULL COMMENT '创建时间',
                             `create_by` varchar(20) CHARACTER SET utf8 COLLATE utf8_general_ci NULL DEFAULT NULL COMMENT '创建人',
                             `gmt_modified` datetime NULL DEFAULT NULL COMMENT '修改时间',
                             `modified_by` varchar(20) CHARACTER SET utf8 COLLATE utf8_general_ci NULL DEFAULT NULL COMMENT '修改人',
                             `del_flag` tinyint(1) NULL DEFAULT 1 COMMENT '逻辑删除0：删除1：正常',
                             `version` bigint NULL DEFAULT 1 COMMENT '版本号',
                             `account_locked` tinyint NULL DEFAULT 1 COMMENT '账号是否被锁定0：锁定1：正常',
                             `source` varchar(100) CHARACTER SET utf8 COLLATE utf8_general_ci NOT NULL DEFAULT '0' COMMENT '登录方式(0：系统用户)',
                             PRIMARY KEY (`id`) USING BTREE,
                             UNIQUE INDEX `login_name_unique`(`login_name` ASC) USING BTREE
) ENGINE = InnoDB CHARACTER SET = utf8 COLLATE = utf8_general_ci ROW_FORMAT = Dynamic;

-- ----------------------------
-- Records of sys_user
-- ----------------------------
INSERT INTO `sys_user` VALUES ('1', 'jack', '$2a$10$rvfn7AvmOxnF3yqYkRjChejNVItVbxg8uvpzWUGRG9qWAWEZPsK3m', ' 小晨', 0, '1998-06-15', '', 1, '', '', '2021-09-14 00:00:00', NULL, '2022-10-16 20:49:41', '1425004256210038785', 1, 1, 1, '0');
INSERT INTO `sys_user` VALUES ('1425004256210038785', 'tom', '$2a$10$rvfn7AvmOxnF3yqYkRjChejNVItVbxg8uvpzWUGRG9qWAWEZPsK3m', '小杨2', 1, '1770-01-02', '18270917877', 1, '/profile\\avatar\\258d4a8b-8c0b-4df6-89b3-057aa73d23f8.jpg', 'tom@163.com', '2021-08-10 00:00:00', NULL, '2022-10-23 23:26:11', '1425004256210038785', 1, NULL, 1, '0');
INSERT INTO `sys_user` VALUES ('1483764958705852417', 'www', '$2a$2a$10$rvfn7AvmOxnF3yqYkRjChejNVItVbxg8uvpzWUGRG9qWAWEZPsK3m', '2222', 1, '2004-06-25', '15825652541', 1, 'http://r67xhbta9.hn-bkt.clouddn.com/20220127081625_1483764958705852417.jpg', '222@qq.com', '2022-01-19 00:00:00', '1425004256210038785', '2022-01-20 11:29:55', '1425004256210038785', 1, 1, 1, '0');
INSERT INTO `sys_user` VALUES ('1484059335881662465', '尊敬的弗拉基米尔伯爵二世', '$2a$2a$10$rvfn7AvmOxnF3yqYkRjChejNVItVbxg8uvpzWUGRG9qWAWEZPsK3m', '尊敬的弗拉基米尔伯爵', 0, '2022-01-04', NULL, 1, NULL, NULL, '2022-01-20 00:00:00', '1425004256210038785', '2022-05-03 01:55:02', '1425004256210038785', 1, 1, 1, '0');
INSERT INTO `sys_user` VALUES ('1485569489789837313', 'aaa', '$2a$2a$10$rvfn7AvmOxnF3yqYkRjChejNVItVbxg8uvpzWUGRG9qWAWEZPsK3m', 'aaa', 1, NULL, NULL, 1, NULL, NULL, '2022-01-24 19:05:42', '1425004256210038785', NULL, NULL, 1, 1, 1, '0');
INSERT INTO `sys_user` VALUES ('1486508175301906434', 'alice', '$2a$2a$10$rvfn7AvmOxnF3yqYkRjChejNVItVbxg8uvpzWUGRG9qWAWEZPsK3m', '爱丽丝', 0, NULL, NULL, 1, NULL, NULL, '2022-01-27 09:15:42', '1425004256210038785', NULL, NULL, 1, 1, 1, '0');
INSERT INTO `sys_user` VALUES ('1486508328414973954', 'dina', '$2a$2a$10$rvfn7AvmOxnF3yqYkRjChejNVItVbxg8uvpzWUGRG9qWAWEZPsK3m', '黛娜', 0, NULL, NULL, 1, NULL, NULL, '2022-01-27 09:16:18', '1425004256210038785', NULL, NULL, 1, 1, 1, '0');
INSERT INTO `sys_user` VALUES ('1486508482861830146', 'jane', '$2a$2a$10$rvfn7AvmOxnF3yqYkRjChejNVItVbxg8uvpzWUGRG9qWAWEZPsK3m', '简123', 0, NULL, NULL, 1, NULL, NULL, '2022-01-27 00:00:00', '1425004256210038785', '2022-03-01 20:03:31', '1425004256210038785', 1, 1, 1, '0');
INSERT INTO `sys_user` VALUES ('1486508911700054018', 'anna', '$2a$2a$10$rvfn7AvmOxnF3yqYkRjChejNVItVbxg8uvpzWUGRG9qWAWEZPsK3m', '安娜', 1, '2022-05-15', NULL, 1, NULL, NULL, '2022-01-27 00:00:00', '1425004256210038785', '2022-05-15 20:33:44', '1425004256210038785', 1, 1, 1, '0');
INSERT INTO `sys_user` VALUES ('1486508971322085378', 'bob', '$2a$2a$10$rvfn7AvmOxnF3yqYkRjChejNVItVbxg8uvpzWUGRG9qWAWEZPsK3m', '鲍勃', 1, '2022-05-15', NULL, 1, 'http://r67xhbta9.hn-bkt.clouddn.com/20220127093137_1486508971322085378.jpg', NULL, '2022-01-27 00:00:00', '1425004256210038785', '2022-05-15 20:32:42', '1425004256210038785', 1, 1, 1, '0');
INSERT INTO `sys_user` VALUES ('1486509025365692417', 'lucy', '$2a$2a$10$rvfn7AvmOxnF3yqYkRjChejNVItVbxg8uvpzWUGRG9qWAWEZPsK3m', '露西', 0, '2022-05-15', NULL, 1, NULL, NULL, '2022-01-27 00:00:00', '1425004256210038785', '2022-05-15 20:32:21', '1425004256210038785', 1, 1, 1, '0');

-- ----------------------------
-- Table structure for sys_user_role
-- ----------------------------
DROP TABLE IF EXISTS `sys_user_role`;
CREATE TABLE `sys_user_role`  (
                                  `user_id` varchar(50) CHARACTER SET utf8 COLLATE utf8_general_ci NULL DEFAULT NULL,
                                  `role_id` varchar(50) CHARACTER SET utf8 COLLATE utf8_general_ci NULL DEFAULT NULL,
                                  `gmt_create` datetime NULL DEFAULT NULL
) ENGINE = InnoDB CHARACTER SET = utf8 COLLATE = utf8_general_ci ROW_FORMAT = Dynamic;

-- ----------------------------
-- Records of sys_user_role
-- ----------------------------
INSERT INTO `sys_user_role` VALUES ('1486508175301906434', '1', '2022-01-27 09:15:42');
INSERT INTO `sys_user_role` VALUES ('1486508328414973954', '1484008292372193281', '2022-01-27 09:16:18');
INSERT INTO `sys_user_role` VALUES ('1484059335881662465', '1484008391340990466', '2022-05-03 01:55:02');
INSERT INTO `sys_user_role` VALUES ('1425004256210038785', '1425011630752735234', '2022-05-15 20:50:07');
INSERT INTO `sys_user_role` VALUES ('1425004256210038785', '1484008391340990466', '2022-05-15 20:50:07');
INSERT INTO `sys_user_role` VALUES ('1425004256210038785', '1484008120518975489', '2022-05-15 20:50:07');
INSERT INTO `sys_user_role` VALUES ('1425004256210038785', '1484008013073489921', '2022-05-15 20:50:07');
INSERT INTO `sys_user_role` VALUES ('1425004256210038785', '1484008292372193281', '2022-05-15 20:50:07');
INSERT INTO `sys_user_role` VALUES ('1', '1', '2022-10-16 20:49:41');
INSERT INTO `sys_user_role` VALUES ('1', '1479338174086205442', '2022-10-16 20:49:41');

SET FOREIGN_KEY_CHECKS = 1;
